id,booking_id,user_id,vendor_id,service_id,rating,comment,created_at,updated_at
1,201,38,1,1,4,Good job overall. Skilled and worth the price.,2025-05-21 03:47:42,2025-05-21 03:47:42
2,869,74,1,1,4,Very good experience. Professional and quality is good.,2024-09-14 04:52:05,2024-09-14 04:52:05
3,939,77,1,1,4,Very good experience. Professional and quality is good.,2024-08-14 18:04:24,2024-08-14 18:04:24
4,88,32,1,3,4,Very good experience. Professional and quality is good.,2024-05-27 20:13:04,2024-05-27 20:13:04
5,408,48,1,3,5,Outstanding work. Very punctual and quality is top-notch.,2025-07-27 02:38:21,2025-07-27 02:38:21
6,23,2,1,5,3,Average service. Did the work but could be more thorough.,2024-02-25 11:22:35,2024-02-25 11:22:35
7,695,64,1,5,5,"Perfect service! Courteous, skilled, and finished on time.",2024-04-22 18:43:13,2024-04-22 18:43:13
8,895,75,1,5,5,Outstanding work. Very punctual and quality is top-notch.,2025-10-29 17:38:11,2025-10-29 17:38:11
9,916,76,1,5,5,Amazing experience! Did a fantastic job. Very satisfied.,2025-07-30 07:39:03,2025-07-30 07:39:03
10,609,59,1,7,5,Highly professional! Exceeded expectations. Best service!,2025-02-17 17:46:19,2025-02-17 17:46:19
11,804,70,1,8,4,Nice work. Professional approach and good quality.,2024-05-07 21:56:22,2024-05-07 21:56:22
12,175,37,1,9,4,Good job overall. Skilled and worth the price.,2025-04-05 02:33:46,2025-04-05 02:33:46
13,39,29,1,10,4,Good job overall. Skilled and worth the price.,2024-09-02 18:03:33,2024-09-02 18:03:33
14,697,64,1,10,5,"Perfect service! Courteous, skilled, and finished on time.",2024-05-17 01:17:51,2024-05-17 01:17:51
15,435,50,1,11,5,Amazing experience! Did a fantastic job. Very satisfied.,2024-11-22 11:48:47,2024-11-22 11:48:47
16,334,45,1,12,5,Excellent service! Very professional and completed the work perfectly.,2024-03-14 02:36:14,2024-03-14 02:36:14
17,371,47,1,14,5,Amazing experience! Did a fantastic job. Very satisfied.,2025-08-10 06:06:51,2025-08-10 06:06:51
18,514,54,1,14,4,Very good experience. Professional and quality is good.,2024-01-02 07:17:25,2024-01-02 07:17:25
19,946,77,1,14,5,Outstanding work. Very punctual and quality is top-notch.,2024-08-15 23:10:55,2024-08-15 23:10:55
20,430,50,1,15,5,Excellent service! Very professional and completed the work perfectly.,2024-07-18 18:51:02,2024-07-18 18:51:02
21,251,41,1,16,4,Nice work. Professional approach and good quality.,2025-08-30 03:23:25,2025-08-30 03:23:25
22,780,69,1,16,5,"Perfect service! Courteous, skilled, and finished on time.",2024-12-21 16:30:41,2024-12-21 16:30:41
23,53,30,1,18,5,Highly professional! Exceeded expectations. Best service!,2025-01-23 09:06:50,2025-01-23 09:06:50
24,156,36,1,18,5,Amazing experience! Did a fantastic job. Very satisfied.,2025-01-22 15:18:45,2025-01-22 15:18:45
25,407,48,1,18,5,Outstanding work. Very punctual and quality is top-notch.,2024-12-27 11:08:46,2024-12-27 11:08:46
26,413,49,1,18,5,Amazing experience! Did a fantastic job. Very satisfied.,2025-07-27 17:56:14,2025-07-27 17:56:14
27,485,53,1,18,5,Amazing experience! Did a fantastic job. Very satisfied.,2025-02-04 14:42:46,2025-02-04 14:42:46
28,87,32,1,19,4,Good job overall. Skilled and worth the price.,2025-02-03 17:00:52,2025-02-03 17:00:52
29,116,34,1,19,5,Outstanding work. Very punctual and quality is top-notch.,2024-01-03 14:00:20,2024-01-03 14:00:20
30,79,32,1,20,4,Nice work. Professional approach and good quality.,2024-05-21 04:04:24,2024-05-21 04:04:24
31,533,55,1,20,3,Decent work. Nothing exceptional but job was done.,2024-02-20 08:35:51,2024-02-20 08:35:51
32,738,66,1,20,4,Happy with the service. Completed properly. Would recommend.,2024-08-26 03:11:44,2024-08-26 03:11:44
33,902,75,1,21,5,Outstanding work. Very punctual and quality is top-notch.,2024-02-18 23:00:12,2024-02-18 23:00:12
34,343,45,2,23,4,Very good experience. Professional and quality is good.,2024-12-18 19:50:49,2024-12-18 19:50:49
35,460,51,2,23,5,Outstanding work. Very punctual and quality is top-notch.,2025-03-21 05:01:35,2025-03-21 05:01:35
36,711,65,2,25,5,Amazing experience! Did a fantastic job. Very satisfied.,2025-02-19 12:17:15,2025-02-19 12:17:15
37,436,50,2,26,3,Okay experience. Completed the job but improvements needed.,2025-10-16 14:52:25,2025-10-16 14:52:25
38,308,43,2,29,5,"Perfect service! Courteous, skilled, and finished on time.",2025-03-10 12:10:44,2025-03-10 12:10:44
39,730,66,2,32,5,Amazing experience! Did a fantastic job. Very satisfied.,2025-06-16 06:06:59,2025-06-16 06:06:59
40,958,78,2,32,2,Poor experience. Unprofessional and work needed rework.,2025-10-22 12:55:54,2025-10-22 12:55:54
41,959,78,2,32,5,Amazing experience! Did a fantastic job. Very satisfied.,2024-05-19 12:02:19,2024-05-19 12:02:19
42,578,58,2,33,4,Happy with the service. Completed properly. Would recommend.,2025-09-28 13:28:09,2025-09-28 13:28:09
43,142,35,2,35,4,Happy with the service. Completed properly. Would recommend.,2025-02-12 03:23:06,2025-02-12 03:23:06
44,306,43,2,35,1,Very bad experience. Did not complete properly. Waste of money.,2024-03-19 02:42:38,2024-03-19 02:42:38
45,16,2,2,36,4,Very good experience. Professional and quality is good.,2025-06-08 15:04:32,2025-06-08 15:04:32
46,775,69,2,37,4,Very good experience. Professional and quality is good.,2024-02-06 12:35:50,2024-02-06 12:35:50
47,60,30,2,39,5,Amazing experience! Did a fantastic job. Very satisfied.,2024-06-25 11:05:02,2024-06-25 11:05:02
48,813,71,2,39,5,Amazing experience! Did a fantastic job. Very satisfied.,2025-10-27 11:14:54,2025-10-27 11:14:54
49,317,44,2,40,5,Highly professional! Exceeded expectations. Best service!,2024-08-17 20:30:40,2024-08-17 20:30:40
50,934,77,2,41,3,Decent work. Nothing exceptional but job was done.,2024-08-13 23:18:51,2024-08-13 23:18:51
51,129,34,2,42,5,"Perfect service! Courteous, skilled, and finished on time.",2024-05-07 08:49:53,2024-05-07 08:49:53
52,402,48,2,42,4,Very good experience. Professional and quality is good.,2024-02-17 06:53:16,2024-02-17 06:53:16
53,284,42,2,43,5,Amazing experience! Did a fantastic job. Very satisfied.,2025-07-10 15:01:09,2025-07-10 15:01:09
54,493,53,2,43,5,Amazing experience! Did a fantastic job. Very satisfied.,2024-11-10 04:35:12,2024-11-10 04:35:12
55,670,62,2,44,5,Amazing experience! Did a fantastic job. Very satisfied.,2024-12-29 18:05:42,2024-12-29 18:05:42
56,133,35,2,45,3,Okay experience. Completed the job but improvements needed.,2024-08-05 02:51:11,2024-08-05 02:51:11
57,565,57,2,46,4,Very good experience. Professional and quality is good.,2025-10-30 11:38:25,2025-10-30 11:38:25
58,532,55,3,49,5,Highly professional! Exceeded expectations. Best service!,2024-06-05 13:36:11,2024-06-05 13:36:11
59,797,70,3,49,4,Happy with the service. Completed properly. Would recommend.,2024-01-10 11:03:27,2024-01-10 11:03:27
60,862,74,3,49,5,"Perfect service! Courteous, skilled, and finished on time.",2024-12-13 06:20:35,2024-12-13 06:20:35
61,520,55,3,51,5,Highly professional! Exceeded expectations. Best service!,2024-12-16 15:14:33,2024-12-16 15:14:33
62,717,65,3,51,5,Outstanding work. Very punctual and quality is top-notch.,2024-11-02 01:00:00,2024-11-02 01:00:00
63,37,29,3,52,5,Highly professional! Exceeded expectations. Best service!,2024-01-29 18:17:05,2024-01-29 18:17:05
64,101,33,3,52,5,Amazing experience! Did a fantastic job. Very satisfied.,2025-08-17 13:41:25,2025-08-17 13:41:25
65,188,38,3,52,5,Highly professional! Exceeded expectations. Best service!,2024-10-06 07:00:29,2024-10-06 07:00:29
66,646,61,3,52,5,"Perfect service! Courteous, skilled, and finished on time.",2024-01-31 22:06:51,2024-01-31 22:06:51
67,135,35,3,54,5,"Perfect service! Courteous, skilled, and finished on time.",2024-07-08 14:59:28,2024-07-08 14:59:28
68,548,56,3,54,5,Amazing experience! Did a fantastic job. Very satisfied.,2025-08-27 05:24:04,2025-08-27 05:24:04
69,76,31,3,57,4,Nice work. Professional approach and good quality.,2025-05-27 13:06:39,2025-05-27 13:06:39
70,604,59,3,57,5,Amazing experience! Did a fantastic job. Very satisfied.,2024-03-02 16:07:18,2024-03-02 16:07:18
71,917,76,3,57,5,Highly professional! Exceeded expectations. Best service!,2024-12-09 14:36:01,2024-12-09 14:36:01
72,289,42,3,58,5,Excellent service! Very professional and completed the work perfectly.,2024-12-14 19:12:42,2024-12-14 19:12:42
73,243,40,3,62,4,"Good service. Work was done well, minor delay but satisfied.",2025-09-02 12:52:39,2025-09-02 12:52:39
74,556,57,3,62,3,Decent work. Nothing exceptional but job was done.,2024-08-20 08:30:26,2024-08-20 08:30:26
75,875,74,3,62,4,Happy with the service. Completed properly. Would recommend.,2025-05-12 23:22:46,2025-05-12 23:22:46
76,621,60,3,64,5,Highly professional! Exceeded expectations. Best service!,2025-09-10 23:33:32,2025-09-10 23:33:32
77,40,29,3,65,4,Good job overall. Skilled and worth the price.,2025-07-13 00:07:42,2025-07-13 00:07:42
78,92,32,3,65,4,"Good service. Work was done well, minor delay but satisfied.",2025-04-09 11:46:29,2025-04-09 11:46:29
79,418,49,3,65,5,"Perfect service! Courteous, skilled, and finished on time.",2025-03-13 07:43:55,2025-03-13 07:43:55
80,909,76,3,65,4,Happy with the service. Completed properly. Would recommend.,2025-01-09 13:42:30,2025-01-09 13:42:30
81,279,42,3,66,2,Disappointed. Did not meet expectations. Not recommended.,2024-09-05 15:52:50,2024-09-05 15:52:50
82,367,46,3,66,5,Outstanding work. Very punctual and quality is top-notch.,2025-03-19 03:17:59,2025-03-19 03:17:59
83,419,49,4,67,4,Nice work. Professional approach and good quality.,2025-03-02 20:05:18,2025-03-02 20:05:18
84,199,38,4,68,4,Good job overall. Skilled and worth the price.,2025-11-01 03:47:52,2025-11-01 03:47:52
85,543,56,4,69,3,Okay experience. Completed the job but improvements needed.,2024-09-12 01:53:47,2024-09-12 01:53:47
86,953,78,4,69,4,"Good service. Work was done well, minor delay but satisfied.",2025-01-02 19:18:03,2025-01-02 19:18:03
87,957,78,4,69,5,Highly professional! Exceeded expectations. Best service!,2024-08-20 22:01:10,2024-08-20 22:01:10
88,216,39,4,70,5,Excellent service! Very professional and completed the work perfectly.,2024-07-10 10:45:34,2024-07-10 10:45:34
89,5,2,4,71,5,Amazing experience! Did a fantastic job. Very satisfied.,2025-10-15 07:30:17,2025-10-15 07:30:17
90,803,70,4,71,5,Highly professional! Exceeded expectations. Best service!,2024-12-13 11:17:44,2024-12-13 11:17:44
91,853,73,4,72,5,Outstanding work. Very punctual and quality is top-notch.,2025-05-23 13:38:26,2025-05-23 13:38:26
92,161,36,4,73,3,Okay experience. Completed the job but improvements needed.,2024-02-14 01:59:30,2024-02-14 01:59:30
93,397,48,4,73,3,Service was fine. Professional but quality could be better.,2024-05-30 00:31:15,2024-05-30 00:31:15
94,441,50,4,73,5,Highly professional! Exceeded expectations. Best service!,2024-02-09 11:55:51,2024-02-09 11:55:51
95,292,42,4,77,4,"Good service. Work was done well, minor delay but satisfied.",2025-06-12 04:45:58,2025-06-12 04:45:58
96,589,58,4,77,5,Amazing experience! Did a fantastic job. Very satisfied.,2024-05-16 01:36:19,2024-05-16 01:36:19
97,354,46,4,78,1,Terrible service! Unprofessional and completely unsatisfactory.,2025-07-24 04:17:57,2025-07-24 04:17:57
98,384,47,4,78,4,"Good service. Work was done well, minor delay but satisfied.",2025-11-04 19:45:31,2025-11-04 19:45:31
99,13,2,4,79,5,"Perfect service! Courteous, skilled, and finished on time.",2025-06-15 02:53:48,2025-06-15 02:53:48
100,146,35,4,79,5,Outstanding work. Very punctual and quality is top-notch.,2024-04-10 19:01:41,2024-04-10 19:01:41
101,821,71,4,79,5,"Perfect service! Courteous, skilled, and finished on time.",2025-01-02 22:46:25,2025-01-02 22:46:25
102,118,34,4,80,4,Happy with the service. Completed properly. Would recommend.,2024-12-12 08:46:25,2024-12-12 08:46:25
103,293,42,4,81,5,Outstanding work. Very punctual and quality is top-notch.,2025-03-30 06:47:22,2025-03-30 06:47:22
104,685,63,4,81,5,Amazing experience! Did a fantastic job. Very satisfied.,2024-08-11 01:50:38,2024-08-11 01:50:38
105,850,73,4,82,5,Outstanding work. Very punctual and quality is top-notch.,2025-02-08 00:47:38,2025-02-08 00:47:38
106,130,34,4,83,5,Highly professional! Exceeded expectations. Best service!,2024-05-27 14:10:52,2024-05-27 14:10:52
107,281,42,4,83,4,"Good service. Work was done well, minor delay but satisfied.",2024-06-23 12:13:33,2024-06-23 12:13:33
108,383,47,4,83,5,Highly professional! Exceeded expectations. Best service!,2025-02-21 13:37:36,2025-02-21 13:37:36
109,198,38,4,84,5,Amazing experience! Did a fantastic job. Very satisfied.,2024-03-27 10:09:39,2024-03-27 10:09:39
110,260,41,4,86,4,Good job overall. Skilled and worth the price.,2024-08-25 22:42:08,2024-08-25 22:42:08
111,333,45,4,87,5,Highly professional! Exceeded expectations. Best service!,2025-04-09 05:06:42,2025-04-09 05:06:42
112,624,60,4,87,5,Outstanding work. Very punctual and quality is top-notch.,2024-01-12 08:25:23,2024-01-12 08:25:23
113,45,30,4,90,5,Highly professional! Exceeded expectations. Best service!,2025-02-03 04:42:29,2025-02-03 04:42:29
114,165,36,4,90,4,Good job overall. Skilled and worth the price.,2024-10-09 15:42:46,2024-10-09 15:42:46
115,700,64,5,91,5,Excellent service! Very professional and completed the work perfectly.,2025-06-25 22:07:30,2025-06-25 22:07:30
116,687,63,5,92,3,Decent work. Nothing exceptional but job was done.,2025-04-02 04:53:12,2025-04-02 04:53:12
117,519,54,5,93,5,Amazing experience! Did a fantastic job. Very satisfied.,2025-07-26 02:44:37,2025-07-26 02:44:37
118,399,48,5,94,4,Very good experience. Professional and quality is good.,2024-07-25 21:42:33,2024-07-25 21:42:33
119,684,63,5,94,5,Outstanding work. Very punctual and quality is top-notch.,2024-07-12 13:30:54,2024-07-12 13:30:54
120,793,70,5,94,3,Okay experience. Completed the job but improvements needed.,2024-11-28 21:35:49,2024-11-28 21:35:49
121,802,70,5,94,5,Outstanding work. Very punctual and quality is top-notch.,2024-07-02 14:53:36,2024-07-02 14:53:36
122,215,39,5,95,5,Excellent service! Very professional and completed the work perfectly.,2025-02-03 23:02:02,2025-02-03 23:02:02
123,300,43,5,95,5,Amazing experience! Did a fantastic job. Very satisfied.,2025-04-10 06:02:20,2025-04-10 06:02:20
124,849,73,5,95,5,Highly professional! Exceeded expectations. Best service!,2024-01-14 06:01:18,2024-01-14 06:01:18
125,885,75,5,95,5,"Perfect service! Courteous, skilled, and finished on time.",2025-05-01 08:43:39,2025-05-01 08:43:39
126,111,33,5,96,5,"Perfect service! Courteous, skilled, and finished on time.",2025-09-22 02:43:02,2025-09-22 02:43:02
127,263,41,5,96,4,Nice work. Professional approach and good quality.,2024-08-18 07:09:10,2024-08-18 07:09:10
128,145,35,5,99,3,Satisfactory. Needs to improve attention to detail.,2024-02-22 04:13:44,2024-02-22 04:13:44
129,235,40,5,99,5,Outstanding work. Very punctual and quality is top-notch.,2024-05-10 06:58:56,2024-05-10 06:58:56
130,340,45,5,99,4,"Good service. Work was done well, minor delay but satisfied.",2025-09-20 11:22:24,2025-09-20 11:22:24
131,792,70,5,100,5,Amazing experience! Did a fantastic job. Very satisfied.,2025-02-19 18:10:19,2025-02-19 18:10:19
132,800,70,5,100,4,Happy with the service. Completed properly. Would recommend.,2025-03-23 20:25:09,2025-03-23 20:25:09
133,78,32,5,101,5,Amazing experience! Did a fantastic job. Very satisfied.,2025-01-18 06:21:42,2025-01-18 06:21:42
134,70,31,5,102,5,"Perfect service! Courteous, skilled, and finished on time.",2025-01-04 00:48:18,2025-01-04 00:48:18
135,98,33,5,102,4,Nice work. Professional approach and good quality.,2025-02-02 18:27:20,2025-02-02 18:27:20
136,440,50,5,102,5,Excellent service! Very professional and completed the work perfectly.,2025-02-10 15:21:37,2025-02-10 15:21:37
137,883,74,5,102,4,Nice work. Professional approach and good quality.,2024-12-31 09:26:25,2024-12-31 09:26:25
138,538,56,5,104,5,Excellent service! Very professional and completed the work perfectly.,2025-02-11 13:10:46,2025-02-11 13:10:46
139,547,56,5,104,4,Nice work. Professional approach and good quality.,2025-04-19 22:53:18,2025-04-19 22:53:18
140,860,73,5,104,5,Highly professional! Exceeded expectations. Best service!,2024-02-09 01:55:27,2024-02-09 01:55:27
141,245,40,5,106,5,Outstanding work. Very punctual and quality is top-notch.,2025-01-30 21:12:20,2025-01-30 21:12:20
142,665,62,5,106,4,Good job overall. Skilled and worth the price.,2025-03-11 03:35:09,2025-03-11 03:35:09
143,483,53,5,108,3,Service was fine. Professional but quality could be better.,2025-02-18 00:12:17,2025-02-18 00:12:17
144,515,54,5,108,5,Excellent service! Very professional and completed the work perfectly.,2024-12-28 19:25:16,2024-12-28 19:25:16
145,783,69,5,108,2,Disappointed. Did not meet expectations. Not recommended.,2025-06-21 17:55:37,2025-06-21 17:55:37
146,905,76,5,108,5,Excellent service! Very professional and completed the work perfectly.,2025-09-03 21:20:15,2025-09-03 21:20:15
147,222,39,5,109,5,Amazing experience! Did a fantastic job. Very satisfied.,2024-05-10 15:09:03,2024-05-10 15:09:03
148,338,45,5,109,4,Happy with the service. Completed properly. Would recommend.,2024-08-06 12:09:45,2024-08-06 12:09:45
149,577,58,5,109,4,Happy with the service. Completed properly. Would recommend.,2025-01-27 15:50:16,2025-01-27 15:50:16
150,326,44,5,110,4,Very good experience. Professional and quality is good.,2024-01-04 17:56:22,2024-01-04 17:56:22
151,365,46,6,111,5,Highly professional! Exceeded expectations. Best service!,2024-04-05 08:02:34,2024-04-05 08:02:34
152,255,41,6,112,5,Highly professional! Exceeded expectations. Best service!,2024-09-30 22:21:08,2024-09-30 22:21:08
153,504,54,6,113,5,Amazing experience! Did a fantastic job. Very satisfied.,2024-02-16 15:59:41,2024-02-16 15:59:41
154,120,34,6,114,5,Highly professional! Exceeded expectations. Best service!,2024-01-12 17:43:26,2024-01-12 17:43:26
155,657,62,6,114,4,Good job overall. Skilled and worth the price.,2025-04-14 05:54:58,2025-04-14 05:54:58
156,4,2,6,115,4,Good job overall. Skilled and worth the price.,2024-09-17 10:42:57,2024-09-17 10:42:57
157,295,43,6,118,4,Happy with the service. Completed properly. Would recommend.,2025-06-24 23:25:48,2025-06-24 23:25:48
158,581,58,6,118,4,Very good experience. Professional and quality is good.,2024-03-06 03:23:51,2024-03-06 03:23:51
159,704,64,6,118,5,Highly professional! Exceeded expectations. Best service!,2025-07-08 19:48:02,2025-07-08 19:48:02
160,183,37,6,119,5,"Perfect service! Courteous, skilled, and finished on time.",2025-05-15 15:41:21,2025-05-15 15:41:21
161,443,50,6,119,5,Amazing experience! Did a fantastic job. Very satisfied.,2024-04-23 22:30:19,2024-04-23 22:30:19
162,762,68,6,119,4,Very good experience. Professional and quality is good.,2024-08-04 09:04:34,2024-08-04 09:04:34
163,566,57,6,120,5,Excellent service! Very professional and completed the work perfectly.,2024-07-05 14:47:52,2024-07-05 14:47:52
164,22,2,6,122,4,Nice work. Professional approach and good quality.,2025-02-18 04:31:22,2025-02-18 04:31:22
165,86,32,6,122,4,Nice work. Professional approach and good quality.,2025-04-02 11:58:03,2025-04-02 11:58:03
166,605,59,6,122,5,Highly professional! Exceeded expectations. Best service!,2025-08-07 23:17:58,2025-08-07 23:17:58
167,629,60,6,123,4,Very good experience. Professional and quality is good.,2025-05-08 04:49:51,2025-05-08 04:49:51
168,634,61,6,123,4,Happy with the service. Completed properly. Would recommend.,2025-11-14 08:53:16,2025-11-14 08:53:16
169,41,29,6,124,5,Outstanding work. Very punctual and quality is top-notch.,2025-06-20 22:01:46,2025-06-20 22:01:46
170,499,53,6,124,4,Good job overall. Skilled and worth the price.,2025-02-24 21:02:51,2025-02-24 21:02:51
171,833,72,6,124,5,Outstanding work. Very punctual and quality is top-notch.,2024-04-01 21:53:12,2024-04-01 21:53:12
172,328,44,6,125,4,Happy with the service. Completed properly. Would recommend.,2025-04-29 12:44:50,2025-04-29 12:44:50
173,498,53,6,125,4,Very good experience. Professional and quality is good.,2024-12-30 16:57:30,2024-12-30 16:57:30
174,886,75,6,125,5,Outstanding work. Very punctual and quality is top-notch.,2024-09-03 16:47:01,2024-09-03 16:47:01
175,918,76,6,125,4,"Good service. Work was done well, minor delay but satisfied.",2024-11-25 07:09:01,2024-11-25 07:09:01
176,364,46,6,126,2,Not happy. Needs to improve punctuality and quality.,2025-10-16 21:48:32,2025-10-16 21:48:32
177,429,50,6,126,5,Amazing experience! Did a fantastic job. Very satisfied.,2025-03-10 21:39:17,2025-03-10 21:39:17
178,652,61,6,126,5,Highly professional! Exceeded expectations. Best service!,2025-09-27 04:18:08,2025-09-27 04:18:08
179,168,36,6,127,5,Highly professional! Exceeded expectations. Best service!,2025-09-13 07:18:52,2025-09-13 07:18:52
180,209,39,6,127,5,"Perfect service! Courteous, skilled, and finished on time.",2025-08-22 09:53:39,2025-08-22 09:53:39
181,776,69,6,127,4,Nice work. Professional approach and good quality.,2024-06-22 17:29:54,2024-06-22 17:29:54
182,58,30,6,128,5,Outstanding work. Very punctual and quality is top-notch.,2025-07-31 18:58:05,2025-07-31 18:58:05
183,363,46,6,128,5,"Perfect service! Courteous, skilled, and finished on time.",2025-03-23 02:00:52,2025-03-23 02:00:52
184,448,51,6,130,5,Highly professional! Exceeded expectations. Best service!,2024-08-23 06:18:35,2024-08-23 06:18:35
185,818,71,6,131,5,Excellent service! Very professional and completed the work perfectly.,2024-09-02 01:34:20,2024-09-02 01:34:20
186,903,76,6,132,5,Amazing experience! Did a fantastic job. Very satisfied.,2024-01-28 02:08:00,2024-01-28 02:08:00
187,906,76,7,134,4,Nice work. Professional approach and good quality.,2025-06-30 06:24:40,2025-06-30 06:24:40
188,527,55,7,136,5,Excellent service! Very professional and completed the work perfectly.,2025-01-23 16:29:57,2025-01-23 16:29:57
189,204,39,7,138,5,Amazing experience! Did a fantastic job. Very satisfied.,2024-11-08 14:08:04,2024-11-08 14:08:04
190,91,32,7,139,4,Happy with the service. Completed properly. Would recommend.,2024-01-07 23:56:18,2024-01-07 23:56:18
191,267,41,7,140,5,Excellent service! Very professional and completed the work perfectly.,2024-05-06 15:02:01,2024-05-06 15:02:01
192,457,51,7,140,5,Amazing experience! Did a fantastic job. Very satisfied.,2025-09-19 07:25:38,2025-09-19 07:25:38
193,549,56,7,140,4,Nice work. Professional approach and good quality.,2025-01-26 07:46:32,2025-01-26 07:46:32
194,683,63,7,140,4,Very good experience. Professional and quality is good.,2024-02-20 22:47:30,2024-02-20 22:47:30
195,423,49,7,141,4,Very good experience. Professional and quality is good.,2024-05-04 11:31:07,2024-05-04 11:31:07
196,192,38,7,142,5,Excellent service! Very professional and completed the work perfectly.,2024-09-10 00:21:09,2024-09-10 00:21:09
197,275,42,7,142,5,Amazing experience! Did a fantastic job. Very satisfied.,2025-10-27 06:58:23,2025-10-27 06:58:23
198,494,53,7,142,5,Highly professional! Exceeded expectations. Best service!,2025-02-28 10:23:55,2025-02-28 10:23:55
199,525,55,7,142,4,Nice work. Professional approach and good quality.,2024-05-28 08:46:05,2024-05-28 08:46:05
200,89,32,7,144,5,"Perfect service! Courteous, skilled, and finished on time.",2025-08-16 01:59:00,2025-08-16 01:59:00
201,150,35,7,144,5,Excellent service! Very professional and completed the work perfectly.,2025-03-29 16:47:35,2025-03-29 16:47:35
202,393,48,7,144,4,"Good service. Work was done well, minor delay but satisfied.",2024-11-26 08:18:33,2024-11-26 08:18:33
203,185,37,7,145,4,Nice work. Professional approach and good quality.,2024-12-10 16:23:36,2024-12-10 16:23:36
204,206,39,7,145,4,Nice work. Professional approach and good quality.,2025-08-23 13:07:04,2025-08-23 13:07:04
205,160,36,7,146,5,"Perfect service! Courteous, skilled, and finished on time.",2024-09-18 07:03:36,2024-09-18 07:03:36
206,709,64,7,146,4,Happy with the service. Completed properly. Would recommend.,2025-06-10 21:50:59,2025-06-10 21:50:59
207,231,40,7,148,4,Very good experience. Professional and quality is good.,2025-03-07 19:51:39,2025-03-07 19:51:39
208,319,44,7,148,4,Happy with the service. Completed properly. Would recommend.,2025-11-04 12:30:18,2025-11-04 12:30:18
209,606,59,7,148,4,"Good service. Work was done well, minor delay but satisfied.",2025-02-03 00:08:41,2025-02-03 00:08:41
210,661,62,7,148,4,Nice work. Professional approach and good quality.,2025-05-29 04:17:17,2025-05-29 04:17:17
211,858,73,7,148,5,Amazing experience! Did a fantastic job. Very satisfied.,2025-05-09 05:01:10,2025-05-09 05:01:10
212,152,35,7,149,5,Amazing experience! Did a fantastic job. Very satisfied.,2024-07-15 22:50:07,2024-07-15 22:50:07
213,502,54,7,150,5,Amazing experience! Did a fantastic job. Very satisfied.,2024-12-22 12:04:38,2024-12-22 12:04:38
214,180,37,7,151,4,Very good experience. Professional and quality is good.,2024-01-15 11:02:06,2024-01-15 11:02:06
215,736,66,7,151,4,Happy with the service. Completed properly. Would recommend.,2025-03-05 08:33:49,2025-03-05 08:33:49
216,122,34,7,152,5,"Perfect service! Courteous, skilled, and finished on time.",2024-08-06 09:33:50,2024-08-06 09:33:50
217,584,58,7,152,4,"Good service. Work was done well, minor delay but satisfied.",2025-05-02 17:11:59,2025-05-02 17:11:59
218,223,39,7,153,4,Very good experience. Professional and quality is good.,2024-10-09 16:44:50,2024-10-09 16:44:50
219,7,2,8,154,4,Nice work. Professional approach and good quality.,2024-08-23 10:55:43,2024-08-23 10:55:43
220,622,60,8,154,5,"Perfect service! Courteous, skilled, and finished on time.",2024-08-08 15:07:15,2024-08-08 15:07:15
221,750,67,8,155,5,Outstanding work. Very punctual and quality is top-notch.,2024-10-08 10:56:58,2024-10-08 10:56:58
222,857,73,8,155,5,Excellent service! Very professional and completed the work perfectly.,2024-09-27 22:54:33,2024-09-27 22:54:33
223,941,77,8,155,5,Amazing experience! Did a fantastic job. Very satisfied.,2024-12-08 14:52:28,2024-12-08 14:52:28
224,276,42,8,156,5,Highly professional! Exceeded expectations. Best service!,2025-02-01 02:07:13,2025-02-01 02:07:13
225,765,68,8,156,4,Nice work. Professional approach and good quality.,2024-06-11 23:11:23,2024-06-11 23:11:23
226,774,69,8,157,5,Highly professional! Exceeded expectations. Best service!,2025-06-29 05:55:53,2025-06-29 05:55:53
227,836,72,8,157,5,Amazing experience! Did a fantastic job. Very satisfied.,2025-08-08 10:41:34,2025-08-08 10:41:34
228,173,37,8,158,5,Highly professional! Exceeded expectations. Best service!,2024-08-13 22:23:05,2024-08-13 22:23:05
229,14,2,8,159,5,Excellent service! Very professional and completed the work perfectly.,2025-08-03 15:53:38,2025-08-03 15:53:38
230,480,52,8,159,4,Happy with the service. Completed properly. Would recommend.,2024-11-14 15:59:00,2024-11-14 15:59:00
231,197,38,8,160,5,Amazing experience! Did a fantastic job. Very satisfied.,2024-07-02 14:10:20,2024-07-02 14:10:20
232,938,77,8,162,3,Average service. Did the work but could be more thorough.,2024-11-30 13:15:31,2024-11-30 13:15:31
233,505,54,8,163,5,Amazing experience! Did a fantastic job. Very satisfied.,2024-06-18 05:05:27,2024-06-18 05:05:27
234,798,70,8,164,4,Good job overall. Skilled and worth the price.,2024-04-16 18:53:41,2024-04-16 18:53:41
235,954,78,8,164,3,Satisfactory. Needs to improve attention to detail.,2024-02-03 19:06:04,2024-02-03 19:06:04
236,24,2,8,166,4,Nice work. Professional approach and good quality.,2024-06-02 09:50:22,2024-06-02 09:50:22
237,686,63,8,166,5,Amazing experience! Did a fantastic job. Very satisfied.,2025-05-11 03:00:19,2025-05-11 03:00:19
238,721,65,8,166,5,Highly professional! Exceeded expectations. Best service!,2024-03-18 23:23:19,2024-03-18 23:23:19
239,227,39,8,168,5,Excellent service! Very professional and completed the work perfectly.,2025-03-31 14:37:00,2025-03-31 14:37:00
240,298,43,8,168,1,Worst experience ever. Did not know the job. Do not hire!,2025-07-28 19:43:53,2025-07-28 19:43:53
241,672,62,8,168,4,Nice work. Professional approach and good quality.,2024-11-17 12:45:25,2024-11-17 12:45:25
242,28,29,8,169,5,Highly professional! Exceeded expectations. Best service!,2025-10-06 08:01:01,2025-10-06 08:01:01
243,117,34,8,170,5,Outstanding work. Very punctual and quality is top-notch.,2024-09-04 12:27:14,2024-09-04 12:27:14
244,149,35,8,173,5,Outstanding work. Very punctual and quality is top-notch.,2024-12-06 22:26:48,2024-12-06 22:26:48
245,153,36,8,173,5,"Perfect service! Courteous, skilled, and finished on time.",2024-09-15 22:15:52,2024-09-15 22:15:52
246,360,46,8,173,5,Amazing experience! Did a fantastic job. Very satisfied.,2024-05-12 20:34:44,2024-05-12 20:34:44
247,218,39,8,174,5,Highly professional! Exceeded expectations. Best service!,2025-10-06 11:13:53,2025-10-06 11:13:53
248,727,66,8,174,4,Happy with the service. Completed properly. Would recommend.,2025-11-09 00:13:08,2025-11-09 00:13:08
249,428,50,8,175,5,"Perfect service! Courteous, skilled, and finished on time.",2025-05-31 11:15:36,2025-05-31 11:15:36
250,18,2,8,176,5,Highly professional! Exceeded expectations. Best service!,2025-07-20 11:41:27,2025-07-20 11:41:27
251,492,53,8,176,4,"Good service. Work was done well, minor delay but satisfied.",2025-01-09 08:41:22,2025-01-09 08:41:22
252,106,33,8,177,4,Happy with the service. Completed properly. Would recommend.,2025-10-18 09:49:44,2025-10-18 09:49:44
253,768,68,9,178,5,Excellent service! Very professional and completed the work perfectly.,2024-05-05 21:09:15,2024-05-05 21:09:15
254,167,36,9,179,5,"Perfect service! Courteous, skilled, and finished on time.",2025-10-09 14:07:17,2025-10-09 14:07:17
255,511,54,9,179,4,Nice work. Professional approach and good quality.,2025-06-27 17:28:46,2025-06-27 17:28:46
256,612,60,9,179,5,Amazing experience! Did a fantastic job. Very satisfied.,2024-09-23 20:12:56,2024-09-23 20:12:56
257,288,42,9,180,5,Highly professional! Exceeded expectations. Best service!,2025-06-12 20:22:08,2025-06-12 20:22:08
258,816,71,9,180,5,Outstanding work. Very punctual and quality is top-notch.,2024-11-16 21:07:18,2024-11-16 21:07:18
259,540,56,9,181,4,Very good experience. Professional and quality is good.,2024-02-04 22:36:26,2024-02-04 22:36:26
260,226,39,9,183,2,Not very satisfied. Took too long and quality below expectations.,2024-11-20 22:14:53,2024-11-20 22:14:53
261,714,65,9,183,4,Happy with the service. Completed properly. Would recommend.,2025-03-26 01:28:22,2025-03-26 01:28:22
262,487,53,9,185,5,Excellent service! Very professional and completed the work perfectly.,2025-01-09 01:39:33,2025-01-09 01:39:33
263,815,71,9,185,5,Amazing experience! Did a fantastic job. Very satisfied.,2024-04-24 22:14:08,2024-04-24 22:14:08
264,29,29,9,186,4,Nice work. Professional approach and good quality.,2024-09-28 23:56:55,2024-09-28 23:56:55
265,531,55,9,186,5,Highly professional! Exceeded expectations. Best service!,2025-02-18 13:08:52,2025-02-18 13:08:52
266,933,77,9,186,5,Highly professional! Exceeded expectations. Best service!,2024-12-21 09:39:08,2024-12-21 09:39:08
267,950,77,9,186,3,Average service. Did the work but could be more thorough.,2024-12-22 21:51:16,2024-12-22 21:51:16
268,239,40,9,187,4,Happy with the service. Completed properly. Would recommend.,2025-05-21 07:42:45,2025-05-21 07:42:45
269,465,52,9,187,5,Highly professional! Exceeded expectations. Best service!,2024-03-05 03:43:00,2024-03-05 03:43:00
270,630,60,9,189,4,Good job overall. Skilled and worth the price.,2025-01-29 18:45:49,2025-01-29 18:45:49
271,669,62,9,189,5,Outstanding work. Very punctual and quality is top-notch.,2025-10-09 18:21:17,2025-10-09 18:21:17
272,225,39,9,190,4,Nice work. Professional approach and good quality.,2024-07-17 14:22:14,2024-07-17 14:22:14
273,619,60,9,190,3,Satisfactory. Needs to improve attention to detail.,2024-01-15 13:42:46,2024-01-15 13:42:46
274,489,53,9,192,4,Very good experience. Professional and quality is good.,2025-09-28 05:54:39,2025-09-28 05:54:39
275,859,73,9,192,3,Okay experience. Completed the job but improvements needed.,2024-08-04 14:58:25,2024-08-04 14:58:25
276,114,34,9,193,4,Happy with the service. Completed properly. Would recommend.,2024-03-18 08:40:27,2024-03-18 08:40:27
277,837,72,9,193,4,"Good service. Work was done well, minor delay but satisfied.",2024-07-04 08:11:36,2024-07-04 08:11:36
278,900,75,9,193,1,Extremely disappointed. Caused more problems.,2025-06-23 06:41:35,2025-06-23 06:41:35
279,743,67,9,194,4,Very good experience. Professional and quality is good.,2025-04-13 19:18:23,2025-04-13 19:18:23
280,571,57,9,195,5,Outstanding work. Very punctual and quality is top-notch.,2024-02-07 07:16:41,2024-02-07 07:16:41
281,560,57,9,196,5,"Perfect service! Courteous, skilled, and finished on time.",2025-03-24 04:05:25,2025-03-24 04:05:25
282,626,60,9,196,4,"Good service. Work was done well, minor delay but satisfied.",2025-06-17 12:54:49,2025-06-17 12:54:49
283,137,35,9,197,4,Happy with the service. Completed properly. Would recommend.,2024-10-11 20:18:08,2024-10-11 20:18:08
284,770,68,9,197,5,Highly professional! Exceeded expectations. Best service!,2025-08-04 08:43:16,2025-08-04 08:43:16
285,196,38,9,198,5,Excellent service! Very professional and completed the work perfectly.,2024-03-19 12:47:21,2024-03-19 12:47:21
286,361,46,9,198,5,Excellent service! Very professional and completed the work perfectly.,2025-07-08 13:41:06,2025-07-08 13:41:06
287,99,33,10,200,5,Amazing experience! Did a fantastic job. Very satisfied.,2024-12-31 13:51:36,2024-12-31 13:51:36
288,208,39,10,200,5,"Perfect service! Courteous, skilled, and finished on time.",2025-07-05 09:49:26,2025-07-05 09:49:26
289,732,66,10,200,4,Nice work. Professional approach and good quality.,2025-08-20 16:05:48,2025-08-20 16:05:48
290,763,68,10,200,5,Outstanding work. Very punctual and quality is top-notch.,2024-01-04 19:11:33,2024-01-04 19:11:33
291,573,57,10,201,5,"Perfect service! Courteous, skilled, and finished on time.",2024-09-12 19:59:14,2024-09-12 19:59:14
292,658,62,10,201,5,"Perfect service! Courteous, skilled, and finished on time.",2025-04-15 20:47:50,2025-04-15 20:47:50
293,778,69,10,204,5,"Perfect service! Courteous, skilled, and finished on time.",2025-01-25 11:11:11,2025-01-25 11:11:11
294,264,41,10,205,4,"Good service. Work was done well, minor delay but satisfied.",2025-05-21 19:06:41,2025-05-21 19:06:41
295,178,37,10,206,4,Good job overall. Skilled and worth the price.,2025-05-20 14:31:11,2025-05-20 14:31:11
296,256,41,10,206,3,Decent work. Nothing exceptional but job was done.,2025-04-06 06:14:33,2025-04-06 06:14:33
297,718,65,10,208,5,Outstanding work. Very punctual and quality is top-notch.,2025-09-17 19:19:22,2025-09-17 19:19:22
298,723,65,10,208,5,Highly professional! Exceeded expectations. Best service!,2025-08-19 15:58:09,2025-08-19 15:58:09
299,321,44,10,209,5,Excellent service! Very professional and completed the work perfectly.,2024-04-14 00:44:57,2024-04-14 00:44:57
300,500,54,10,209,5,Highly professional! Exceeded expectations. Best service!,2024-06-20 12:46:33,2024-06-20 12:46:33
301,232,40,10,210,1,Horrible service. Rude and incompetent. Never again!,2024-06-10 15:53:59,2024-06-10 15:53:59
302,841,72,10,210,5,Outstanding work. Very punctual and quality is top-notch.,2025-10-13 04:44:43,2025-10-13 04:44:43
303,6,2,10,212,4,"Good service. Work was done well, minor delay but satisfied.",2024-08-13 02:54:45,2024-08-13 02:54:45
304,808,71,10,212,5,Amazing experience! Did a fantastic job. Very satisfied.,2024-02-13 21:51:24,2024-02-13 21:51:24
305,924,76,10,214,5,Highly professional! Exceeded expectations. Best service!,2024-05-21 02:02:05,2024-05-21 02:02:05
306,542,56,10,216,1,Worst experience ever. Did not know the job. Do not hire!,2025-05-25 10:36:40,2025-05-25 10:36:40
307,159,36,10,217,3,Satisfactory. Needs to improve attention to detail.,2024-04-26 11:48:38,2024-04-26 11:48:38
308,585,58,10,217,5,Excellent service! Very professional and completed the work perfectly.,2024-05-08 10:05:06,2024-05-08 10:05:06
309,1,2,10,218,4,Good job overall. Skilled and worth the price.,2025-02-06 16:06:15,2025-02-06 16:06:15
310,411,49,11,219,4,Very good experience. Professional and quality is good.,2024-12-23 05:19:04,2024-12-23 05:19:04
311,890,75,11,219,5,"Perfect service! Courteous, skilled, and finished on time.",2024-04-24 07:33:08,2024-04-24 07:33:08
312,341,45,11,220,5,Excellent service! Very professional and completed the work perfectly.,2024-10-24 04:51:38,2024-10-24 04:51:38
313,593,58,11,220,4,Good job overall. Skilled and worth the price.,2025-04-16 13:31:10,2025-04-16 13:31:10
314,872,74,11,221,5,Highly professional! Exceeded expectations. Best service!,2024-11-25 09:36:59,2024-11-25 09:36:59
315,591,58,11,223,5,Excellent service! Very professional and completed the work perfectly.,2024-08-07 17:52:21,2024-08-07 17:52:21
316,205,39,11,224,3,Okay experience. Completed the job but improvements needed.,2025-06-04 04:44:01,2025-06-04 04:44:01
317,737,66,11,224,5,"Perfect service! Courteous, skilled, and finished on time.",2024-06-26 12:49:39,2024-06-26 12:49:39
318,46,30,11,225,3,Decent work. Nothing exceptional but job was done.,2024-10-27 06:40:27,2024-10-27 06:40:27
319,211,39,11,225,5,Excellent service! Very professional and completed the work perfectly.,2025-05-10 12:46:32,2025-05-10 12:46:32
320,482,53,11,226,5,Highly professional! Exceeded expectations. Best service!,2025-09-07 12:21:47,2025-09-07 12:21:47
321,681,63,11,226,5,"Perfect service! Courteous, skilled, and finished on time.",2024-05-14 03:07:13,2024-05-14 03:07:13
322,254,41,11,227,5,Outstanding work. Very punctual and quality is top-notch.,2024-01-16 16:38:45,2024-01-16 16:38:45
323,301,43,11,227,4,Very good experience. Professional and quality is good.,2025-04-29 03:19:06,2025-04-29 03:19:06
324,777,69,11,227,3,Average service. Did the work but could be more thorough.,2025-09-19 22:22:06,2025-09-19 22:22:06
325,379,47,11,229,5,Highly professional! Exceeded expectations. Best service!,2024-06-25 17:56:05,2024-06-25 17:56:05
326,706,64,11,229,5,Outstanding work. Very punctual and quality is top-notch.,2024-08-17 12:50:56,2024-08-17 12:50:56
327,424,49,11,230,3,Service was fine. Professional but quality could be better.,2024-03-31 13:32:01,2024-03-31 13:32:01
328,920,76,11,230,4,Nice work. Professional approach and good quality.,2025-04-01 23:29:09,2025-04-01 23:29:09
329,639,61,11,232,5,Amazing experience! Did a fantastic job. Very satisfied.,2025-10-31 08:00:56,2025-10-31 08:00:56
330,200,38,11,233,5,Amazing experience! Did a fantastic job. Very satisfied.,2024-06-13 13:44:45,2024-06-13 13:44:45
331,541,56,11,233,5,Excellent service! Very professional and completed the work perfectly.,2024-12-10 09:09:55,2024-12-10 09:09:55
332,64,31,11,235,5,Amazing experience! Did a fantastic job. Very satisfied.,2024-06-01 16:24:25,2024-06-01 16:24:25
333,537,56,11,235,5,"Perfect service! Courteous, skilled, and finished on time.",2024-06-07 13:50:17,2024-06-07 13:50:17
334,644,61,11,237,5,Amazing experience! Did a fantastic job. Very satisfied.,2024-12-03 05:52:07,2024-12-03 05:52:07
335,330,45,11,238,5,Excellent service! Very professional and completed the work perfectly.,2024-05-06 03:57:43,2024-05-06 03:57:43
336,119,34,11,240,4,Happy with the service. Completed properly. Would recommend.,2024-07-11 18:12:59,2024-07-11 18:12:59
337,817,71,11,240,5,Amazing experience! Did a fantastic job. Very satisfied.,2024-07-12 11:09:00,2024-07-12 11:09:00
338,286,42,11,241,3,Satisfactory. Needs to improve attention to detail.,2024-08-08 06:25:12,2024-08-08 06:25:12
339,739,66,11,241,4,Very good experience. Professional and quality is good.,2025-02-04 20:01:02,2025-02-04 20:01:02
340,414,49,12,242,4,Nice work. Professional approach and good quality.,2025-01-11 07:32:54,2025-01-11 07:32:54
341,258,41,12,244,4,Very good experience. Professional and quality is good.,2024-05-12 17:31:34,2024-05-12 17:31:34
342,575,57,12,245,4,"Good service. Work was done well, minor delay but satisfied.",2024-07-19 08:53:00,2024-07-19 08:53:00
343,930,77,12,245,5,Excellent service! Very professional and completed the work perfectly.,2024-06-17 11:01:07,2024-06-17 11:01:07
344,282,42,12,246,5,Outstanding work. Very punctual and quality is top-notch.,2025-06-17 09:59:21,2025-06-17 09:59:21
345,395,48,12,248,5,Outstanding work. Very punctual and quality is top-notch.,2024-09-11 16:06:51,2024-09-11 16:06:51
346,623,60,12,249,5,Amazing experience! Did a fantastic job. Very satisfied.,2024-01-23 04:23:09,2024-01-23 04:23:09
347,481,52,12,251,4,Very good experience. Professional and quality is good.,2024-12-25 12:44:55,2024-12-25 12:44:55
348,244,40,12,252,3,Satisfactory. Needs to improve attention to detail.,2025-08-11 11:49:51,2025-08-11 11:49:51
349,403,48,12,253,5,Highly professional! Exceeded expectations. Best service!,2025-08-19 16:25:48,2025-08-19 16:25:48
350,163,36,12,254,4,Nice work. Professional approach and good quality.,2024-06-15 14:14:49,2024-06-15 14:14:49
351,539,56,12,255,5,Amazing experience! Did a fantastic job. Very satisfied.,2024-11-18 07:21:41,2024-11-18 07:21:41
352,213,39,12,256,5,Outstanding work. Very punctual and quality is top-notch.,2024-12-09 15:43:31,2024-12-09 15:43:31
353,345,45,12,257,5,Excellent service! Very professional and completed the work perfectly.,2025-04-06 20:13:06,2025-04-06 20:13:06
354,694,64,12,258,3,Decent work. Nothing exceptional but job was done.,2024-08-18 18:51:13,2024-08-18 18:51:13
355,735,66,12,258,5,"Perfect service! Courteous, skilled, and finished on time.",2024-01-14 15:51:59,2024-01-14 15:51:59
356,866,74,12,258,5,Excellent service! Very professional and completed the work perfectly.,2024-05-02 06:31:06,2024-05-02 06:31:06
357,453,51,12,259,2,Below average work. Late and quality was not good.,2024-09-09 23:34:10,2024-09-09 23:34:10
358,523,55,12,259,4,Very good experience. Professional and quality is good.,2024-06-08 03:41:16,2024-06-08 03:41:16
359,350,45,12,261,3,Decent work. Nothing exceptional but job was done.,2025-05-05 14:30:10,2025-05-05 14:30:10
360,459,51,12,261,5,"Perfect service! Courteous, skilled, and finished on time.",2025-09-10 05:28:29,2025-09-10 05:28:29
361,656,62,12,262,3,Decent work. Nothing exceptional but job was done.,2024-01-02 01:19:01,2024-01-02 01:19:01
362,828,71,12,263,5,"Perfect service! Courteous, skilled, and finished on time.",2024-08-23 15:57:51,2024-08-23 15:57:51
363,229,40,12,265,5,Outstanding work. Very punctual and quality is top-notch.,2024-09-29 06:35:45,2024-09-29 06:35:45
364,884,74,12,265,5,"Perfect service! Courteous, skilled, and finished on time.",2025-06-06 18:50:07,2025-06-06 18:50:07
365,392,48,13,267,5,Highly professional! Exceeded expectations. Best service!,2024-01-14 15:46:46,2024-01-14 15:46:46
366,469,52,13,269,5,Highly professional! Exceeded expectations. Best service!,2024-01-07 01:11:37,2024-01-07 01:11:37
367,851,73,13,271,4,Nice work. Professional approach and good quality.,2025-03-11 07:46:46,2025-03-11 07:46:46
368,182,37,13,273,5,Highly professional! Exceeded expectations. Best service!,2025-02-03 13:52:48,2025-02-03 13:52:48
369,594,59,13,274,5,"Perfect service! Courteous, skilled, and finished on time.",2025-07-19 14:50:09,2025-07-19 14:50:09
370,349,45,13,275,5,Highly professional! Exceeded expectations. Best service!,2025-02-28 02:02:02,2025-02-28 02:02:02
371,720,65,13,275,5,Outstanding work. Very punctual and quality is top-notch.,2024-03-23 05:01:15,2024-03-23 05:01:15
372,861,74,13,275,5,Highly professional! Exceeded expectations. Best service!,2025-10-07 15:25:54,2025-10-07 15:25:54
373,346,45,13,276,3,Decent work. Nothing exceptional but job was done.,2025-07-25 20:57:12,2025-07-25 20:57:12
374,856,73,13,277,4,Happy with the service. Completed properly. Would recommend.,2024-08-12 14:36:15,2024-08-12 14:36:15
375,899,75,13,277,5,Highly professional! Exceeded expectations. Best service!,2025-02-15 16:09:37,2025-02-15 16:09:37
376,891,75,13,278,5,Outstanding work. Very punctual and quality is top-notch.,2024-09-10 15:10:41,2024-09-10 15:10:41
377,59,30,13,280,5,"Perfect service! Courteous, skilled, and finished on time.",2025-08-23 04:08:18,2025-08-23 04:08:18
378,701,64,13,281,4,"Good service. Work was done well, minor delay but satisfied.",2024-12-19 01:04:56,2024-12-19 01:04:56
379,715,65,13,281,5,Amazing experience! Did a fantastic job. Very satisfied.,2024-10-20 18:43:20,2024-10-20 18:43:20
380,25,29,13,282,5,Highly professional! Exceeded expectations. Best service!,2024-07-12 08:09:58,2024-07-12 08:09:58
381,627,60,13,284,5,Highly professional! Exceeded expectations. Best service!,2025-03-28 22:18:43,2025-03-28 22:18:43
382,801,70,14,286,5,Outstanding work. Very punctual and quality is top-notch.,2024-04-17 03:15:18,2024-04-17 03:15:18
383,162,36,14,287,5,Excellent service! Very professional and completed the work perfectly.,2025-08-19 07:03:50,2025-08-19 07:03:50
384,373,47,14,288,4,"Good service. Work was done well, minor delay but satisfied.",2025-06-14 19:17:35,2025-06-14 19:17:35
385,512,54,14,289,3,Decent work. Nothing exceptional but job was done.,2024-02-11 21:31:02,2024-02-11 21:31:02
386,568,57,14,289,4,"Good service. Work was done well, minor delay but satisfied.",2024-01-12 04:31:22,2024-01-12 04:31:22
387,830,71,14,289,5,Excellent service! Very professional and completed the work perfectly.,2024-06-21 01:41:48,2024-06-21 01:41:48
388,444,51,14,290,5,"Perfect service! Courteous, skilled, and finished on time.",2025-07-05 01:16:26,2025-07-05 01:16:26
389,517,54,14,290,5,Excellent service! Very professional and completed the work perfectly.,2025-08-18 20:44:20,2025-08-18 20:44:20
390,753,67,14,290,5,"Perfect service! Courteous, skilled, and finished on time.",2025-06-09 22:42:28,2025-06-09 22:42:28
391,809,71,14,292,5,Excellent service! Very professional and completed the work perfectly.,2025-03-26 22:58:37,2025-03-26 22:58:37
392,108,33,14,293,5,Highly professional! Exceeded expectations. Best service!,2025-04-22 14:32:07,2025-04-22 14:32:07
393,534,55,14,293,2,Not very satisfied. Took too long and quality below expectations.,2024-09-08 14:12:37,2024-09-08 14:12:37
394,154,36,14,294,5,Outstanding work. Very punctual and quality is top-notch.,2025-01-04 23:53:44,2025-01-04 23:53:44
395,166,36,14,294,5,Excellent service! Very professional and completed the work perfectly.,2024-06-07 11:17:00,2024-06-07 11:17:00
396,949,77,14,294,5,Highly professional! Exceeded expectations. Best service!,2025-11-13 13:48:59,2025-11-13 13:48:59
397,369,46,14,295,1,Worst experience ever. Did not know the job. Do not hire!,2024-04-24 08:38:55,2024-04-24 08:38:55
398,427,50,14,295,4,Very good experience. Professional and quality is good.,2025-08-24 03:08:37,2025-08-24 03:08:37
399,32,29,14,296,5,Outstanding work. Very punctual and quality is top-notch.,2024-05-25 07:30:25,2024-05-25 07:30:25
400,653,61,14,297,5,"Perfect service! Courteous, skilled, and finished on time.",2025-10-15 13:33:02,2025-10-15 13:33:02
401,819,71,14,297,4,Very good experience. Professional and quality is good.,2025-01-14 23:45:24,2025-01-14 23:45:24
402,36,29,14,298,4,Very good experience. Professional and quality is good.,2025-10-12 13:25:23,2025-10-12 13:25:23
403,518,54,14,298,5,"Perfect service! Courteous, skilled, and finished on time.",2025-04-23 00:28:04,2025-04-23 00:28:04
404,348,45,14,299,4,Good job overall. Skilled and worth the price.,2024-05-22 02:21:33,2024-05-22 02:21:33
405,651,61,14,300,5,Excellent service! Very professional and completed the work perfectly.,2025-05-15 09:14:27,2025-05-15 09:14:27
406,716,65,14,300,5,Outstanding work. Very punctual and quality is top-notch.,2024-07-07 11:43:18,2024-07-07 11:43:18
407,829,71,14,300,2,Below average work. Late and quality was not good.,2024-05-16 23:15:10,2024-05-16 23:15:10
408,625,60,14,301,5,Excellent service! Very professional and completed the work perfectly.,2025-01-20 06:27:25,2025-01-20 06:27:25
409,124,34,14,302,2,Disappointed. Did not meet expectations. Not recommended.,2025-02-27 06:09:36,2025-02-27 06:09:36
410,971,78,14,304,4,Nice work. Professional approach and good quality.,2024-06-06 20:38:27,2024-06-06 20:38:27
411,191,38,14,305,4,Good job overall. Skilled and worth the price.,2025-10-03 04:54:31,2025-10-03 04:54:31
412,790,70,14,305,4,Very good experience. Professional and quality is good.,2024-12-31 16:48:13,2024-12-31 16:48:13
413,570,57,14,306,4,Good job overall. Skilled and worth the price.,2024-01-07 20:24:43,2024-01-07 20:24:43
414,588,58,14,306,3,Average service. Did the work but could be more thorough.,2024-08-10 04:42:07,2024-08-10 04:42:07
415,475,52,14,308,5,"Perfect service! Courteous, skilled, and finished on time.",2025-07-18 09:35:57,2025-07-18 09:35:57
416,936,77,14,309,5,Amazing experience! Did a fantastic job. Very satisfied.,2024-05-20 17:15:34,2024-05-20 17:15:34
417,310,43,15,313,5,Outstanding work. Very punctual and quality is top-notch.,2024-01-11 15:10:30,2024-01-11 15:10:30
418,389,48,15,313,4,Good job overall. Skilled and worth the price.,2025-04-25 08:04:45,2025-04-25 08:04:45
419,417,49,15,313,5,"Perfect service! Courteous, skilled, and finished on time.",2025-10-07 12:09:39,2025-10-07 12:09:39
420,307,43,15,314,4,Very good experience. Professional and quality is good.,2025-07-20 01:38:53,2025-07-20 01:38:53
421,834,72,15,315,5,"Perfect service! Courteous, skilled, and finished on time.",2024-05-05 06:51:27,2024-05-05 06:51:27
422,897,75,15,315,5,Excellent service! Very professional and completed the work perfectly.,2024-07-28 03:14:44,2024-07-28 03:14:44
423,252,41,15,316,5,Highly professional! Exceeded expectations. Best service!,2024-07-05 06:17:03,2024-07-05 06:17:03
424,731,66,15,316,5,Highly professional! Exceeded expectations. Best service!,2024-06-04 19:43:37,2024-06-04 19:43:37
425,970,78,15,316,5,Excellent service! Very professional and completed the work perfectly.,2024-06-08 09:55:48,2024-06-08 09:55:48
426,660,62,15,317,4,Nice work. Professional approach and good quality.,2024-05-16 13:51:25,2024-05-16 13:51:25
427,472,52,15,318,5,Highly professional! Exceeded expectations. Best service!,2024-05-29 10:10:29,2024-05-29 10:10:29
428,664,62,15,318,5,"Perfect service! Courteous, skilled, and finished on time.",2025-05-06 00:04:38,2025-05-06 00:04:38
429,654,61,15,319,5,Excellent service! Very professional and completed the work perfectly.,2024-01-27 11:42:41,2024-01-27 11:42:41
430,269,41,15,321,4,Very good experience. Professional and quality is good.,2025-06-03 19:00:52,2025-06-03 19:00:52
431,273,42,15,321,2,Poor experience. Unprofessional and work needed rework.,2025-11-04 18:33:50,2025-11-04 18:33:50
432,497,53,15,321,4,Very good experience. Professional and quality is good.,2025-06-01 15:25:39,2025-06-01 15:25:39
433,96,33,15,322,5,Excellent service! Very professional and completed the work perfectly.,2025-08-25 16:35:19,2025-08-25 16:35:19
434,247,40,15,323,5,Highly professional! Exceeded expectations. Best service!,2024-10-17 02:57:31,2024-10-17 02:57:31
435,567,57,15,323,4,Happy with the service. Completed properly. Would recommend.,2025-01-05 16:57:08,2025-01-05 16:57:08
436,840,72,15,323,4,Nice work. Professional approach and good quality.,2024-10-07 07:27:00,2024-10-07 07:27:00
437,318,44,15,325,4,Nice work. Professional approach and good quality.,2024-03-06 04:39:38,2024-03-06 04:39:38
438,309,43,15,326,3,Average service. Did the work but could be more thorough.,2025-07-12 21:54:35,2025-07-12 21:54:35
439,613,60,15,328,5,Excellent service! Very professional and completed the work perfectly.,2024-03-23 00:51:47,2024-03-23 00:51:47
440,246,40,15,329,5,Amazing experience! Did a fantastic job. Very satisfied.,2025-05-28 11:02:59,2025-05-28 11:02:59
441,741,66,15,330,5,Amazing experience! Did a fantastic job. Very satisfied.,2025-05-27 15:40:23,2025-05-27 15:40:23
442,522,55,15,331,3,Service was fine. Professional but quality could be better.,2025-09-22 08:33:18,2025-09-22 08:33:18
443,558,57,15,332,3,Satisfactory. Needs to improve attention to detail.,2024-04-03 03:31:56,2024-04-03 03:31:56
444,272,42,16,334,4,Good job overall. Skilled and worth the price.,2025-06-05 03:09:21,2025-06-05 03:09:21
445,742,66,16,334,5,Excellent service! Very professional and completed the work perfectly.,2025-04-03 10:20:36,2025-04-03 10:20:36
446,948,77,16,334,5,Amazing experience! Did a fantastic job. Very satisfied.,2024-04-19 12:01:16,2024-04-19 12:01:16
447,312,43,16,335,5,Outstanding work. Very punctual and quality is top-notch.,2025-04-13 06:52:43,2025-04-13 06:52:43
448,586,58,16,335,4,Nice work. Professional approach and good quality.,2025-08-06 12:36:44,2025-08-06 12:36:44
449,863,74,16,335,5,Excellent service! Very professional and completed the work perfectly.,2025-08-15 19:40:10,2025-08-15 19:40:10
450,528,55,16,337,4,Good job overall. Skilled and worth the price.,2025-02-28 00:46:42,2025-02-28 00:46:42
451,304,43,16,338,3,Average service. Did the work but could be more thorough.,2024-07-28 16:09:49,2024-07-28 16:09:49
452,186,37,16,339,5,Amazing experience! Did a fantastic job. Very satisfied.,2025-04-25 00:48:45,2025-04-25 00:48:45
453,545,56,16,340,4,Very good experience. Professional and quality is good.,2024-02-19 05:30:36,2024-02-19 05:30:36
454,915,76,16,340,1,Horrible service. Rude and incompetent. Never again!,2024-07-30 00:06:47,2024-07-30 00:06:47
455,691,64,16,341,5,Excellent service! Very professional and completed the work perfectly.,2024-05-25 11:30:18,2024-05-25 11:30:18
456,964,78,16,342,4,Happy with the service. Completed properly. Would recommend.,2024-06-05 18:21:22,2024-06-05 18:21:22
457,580,58,16,343,5,Amazing experience! Did a fantastic job. Very satisfied.,2024-04-28 13:10:39,2024-04-28 13:10:39
458,125,34,16,344,5,Highly professional! Exceeded expectations. Best service!,2025-10-18 02:51:26,2025-10-18 02:51:26
459,261,41,16,344,5,Amazing experience! Did a fantastic job. Very satisfied.,2025-01-14 20:40:18,2025-01-14 20:40:18
460,922,76,16,344,4,Good job overall. Skilled and worth the price.,2024-11-28 11:44:58,2024-11-28 11:44:58
461,602,59,16,345,3,Decent work. Nothing exceptional but job was done.,2025-01-09 19:47:00,2025-01-09 19:47:00
462,311,43,16,348,5,"Perfect service! Courteous, skilled, and finished on time.",2024-06-12 18:32:21,2024-06-12 18:32:21
463,259,41,16,349,5,Highly professional! Exceeded expectations. Best service!,2024-09-22 02:45:36,2024-09-22 02:45:36
464,303,43,16,349,5,Amazing experience! Did a fantastic job. Very satisfied.,2025-09-17 00:38:00,2025-09-17 00:38:00
465,590,58,16,349,4,Nice work. Professional approach and good quality.,2024-07-01 12:55:19,2024-07-01 12:55:19
466,708,64,16,350,5,Highly professional! Exceeded expectations. Best service!,2025-06-05 02:05:34,2025-06-05 02:05:34
467,415,49,16,351,5,Highly professional! Exceeded expectations. Best service!,2025-05-09 12:13:24,2025-05-09 12:13:24
468,136,35,16,352,2,Below average work. Late and quality was not good.,2025-10-13 09:45:55,2025-10-13 09:45:55
469,673,63,16,352,5,Amazing experience! Did a fantastic job. Very satisfied.,2024-11-29 20:37:28,2024-11-29 20:37:28
470,740,66,16,354,5,Outstanding work. Very punctual and quality is top-notch.,2025-06-14 16:05:05,2025-06-14 16:05:05
471,221,39,16,355,4,Very good experience. Professional and quality is good.,2024-09-30 21:33:29,2024-09-30 21:33:29
472,184,37,16,356,5,Amazing experience! Did a fantastic job. Very satisfied.,2025-02-01 18:52:42,2025-02-01 18:52:42
473,422,49,16,357,4,Good job overall. Skilled and worth the price.,2024-09-05 00:41:27,2024-09-05 00:41:27
474,442,50,16,358,3,Satisfactory. Needs to improve attention to detail.,2025-05-28 23:55:23,2025-05-28 23:55:23
475,784,69,16,358,4,Happy with the service. Completed properly. Would recommend.,2025-01-08 09:46:08,2025-01-08 09:46:08
476,812,71,16,358,4,Good job overall. Skilled and worth the price.,2024-11-22 20:31:31,2024-11-22 20:31:31
477,17,2,17,359,4,Happy with the service. Completed properly. Would recommend.,2024-06-06 12:04:18,2024-06-06 12:04:18
478,631,60,17,359,5,"Perfect service! Courteous, skilled, and finished on time.",2025-11-13 10:06:55,2025-11-13 10:06:55
479,642,61,17,359,5,Highly professional! Exceeded expectations. Best service!,2024-03-11 19:29:03,2024-03-11 19:29:03
480,847,73,17,359,5,"Perfect service! Courteous, skilled, and finished on time.",2024-03-03 11:50:42,2024-03-03 11:50:42
481,471,52,17,361,5,Outstanding work. Very punctual and quality is top-notch.,2025-04-26 20:33:57,2025-04-26 20:33:57
482,607,59,17,361,4,Very good experience. Professional and quality is good.,2025-08-03 02:20:07,2025-08-03 02:20:07
483,901,75,17,362,5,Outstanding work. Very punctual and quality is top-notch.,2025-04-30 05:58:30,2025-04-30 05:58:30
484,356,46,17,364,5,Amazing experience! Did a fantastic job. Very satisfied.,2025-01-17 03:15:25,2025-01-17 03:15:25
485,174,37,17,368,5,Excellent service! Very professional and completed the work perfectly.,2025-05-03 00:39:51,2025-05-03 00:39:51
486,404,48,17,368,2,Poor experience. Unprofessional and work needed rework.,2024-03-31 05:11:52,2024-03-31 05:11:52
487,357,46,17,369,5,Highly professional! Exceeded expectations. Best service!,2025-03-11 22:23:51,2025-03-11 22:23:51
488,398,48,17,369,5,Excellent service! Very professional and completed the work perfectly.,2025-11-08 16:38:49,2025-11-08 16:38:49
489,501,54,17,369,5,Highly professional! Exceeded expectations. Best service!,2025-04-15 04:55:45,2025-04-15 04:55:45
490,324,44,17,370,2,Below average work. Late and quality was not good.,2025-05-25 10:55:32,2025-05-25 10:55:32
491,781,69,17,371,4,Very good experience. Professional and quality is good.,2024-04-07 08:47:44,2024-04-07 08:47:44
492,327,44,17,372,5,Excellent service! Very professional and completed the work perfectly.,2024-01-31 21:44:31,2024-01-31 21:44:31
493,806,70,17,372,5,"Perfect service! Courteous, skilled, and finished on time.",2024-02-26 14:31:29,2024-02-26 14:31:29
494,10,2,17,373,3,Okay experience. Completed the job but improvements needed.,2024-04-19 00:15:25,2024-04-19 00:15:25
495,144,35,17,373,5,Highly professional! Exceeded expectations. Best service!,2024-11-06 00:06:19,2024-11-06 00:06:19
496,234,40,17,373,4,Very good experience. Professional and quality is good.,2025-02-27 12:29:15,2025-02-27 12:29:15
497,336,45,17,373,5,"Perfect service! Courteous, skilled, and finished on time.",2025-04-23 08:43:34,2025-04-23 08:43:34
498,911,76,17,373,4,Good job overall. Skilled and worth the price.,2024-03-24 15:12:11,2024-03-24 15:12:11
499,674,63,17,374,4,Happy with the service. Completed properly. Would recommend.,2025-04-23 03:53:47,2025-04-23 03:53:47
500,838,72,17,375,4,Very good experience. Professional and quality is good.,2024-08-11 01:48:25,2024-08-11 01:48:25
501,109,33,17,376,2,Disappointed. Did not meet expectations. Not recommended.,2025-10-02 11:39:09,2025-10-02 11:39:09
502,825,71,17,376,5,Excellent service! Very professional and completed the work perfectly.,2024-03-05 01:49:22,2024-03-05 01:49:22
503,329,44,17,377,4,Good job overall. Skilled and worth the price.,2024-04-05 13:56:36,2024-04-05 13:56:36
504,75,31,17,379,4,Nice work. Professional approach and good quality.,2025-01-16 04:12:04,2025-01-16 04:12:04
505,268,41,17,379,5,Highly professional! Exceeded expectations. Best service!,2024-07-05 03:34:51,2024-07-05 03:34:51
506,56,30,18,380,5,Excellent service! Very professional and completed the work perfectly.,2024-05-19 08:29:29,2024-05-19 08:29:29
507,562,57,18,380,5,Highly professional! Exceeded expectations. Best service!,2024-01-15 04:48:45,2024-01-15 04:48:45
508,128,34,18,381,4,"Good service. Work was done well, minor delay but satisfied.",2024-09-21 00:45:58,2024-09-21 00:45:58
509,177,37,18,381,4,Very good experience. Professional and quality is good.,2024-05-18 13:49:00,2024-05-18 13:49:00
510,33,29,18,382,5,"Perfect service! Courteous, skilled, and finished on time.",2025-05-02 18:54:48,2025-05-02 18:54:48
511,368,46,18,382,5,Amazing experience! Did a fantastic job. Very satisfied.,2024-11-18 16:15:59,2024-11-18 16:15:59
512,668,62,18,383,4,Happy with the service. Completed properly. Would recommend.,2024-07-23 17:57:19,2024-07-23 17:57:19
513,21,2,18,384,4,Very good experience. Professional and quality is good.,2024-03-17 20:50:42,2024-03-17 20:50:42
514,710,65,18,384,5,Amazing experience! Did a fantastic job. Very satisfied.,2024-01-21 05:15:14,2024-01-21 05:15:14
515,943,77,18,384,5,Excellent service! Very professional and completed the work perfectly.,2025-10-06 22:53:52,2025-10-06 22:53:52
516,764,68,18,386,4,Happy with the service. Completed properly. Would recommend.,2025-02-09 18:29:57,2025-02-09 18:29:57
517,513,54,18,387,5,Outstanding work. Very punctual and quality is top-notch.,2024-12-30 17:16:58,2024-12-30 17:16:58
518,707,64,18,387,5,Highly professional! Exceeded expectations. Best service!,2024-05-02 06:07:55,2024-05-02 06:07:55
519,928,77,18,390,4,"Good service. Work was done well, minor delay but satisfied.",2025-09-11 04:58:40,2025-09-11 04:58:40
520,508,54,18,391,3,Okay experience. Completed the job but improvements needed.,2025-01-14 11:36:44,2025-01-14 11:36:44
521,754,67,18,391,3,Average service. Did the work but could be more thorough.,2024-06-15 21:19:10,2024-06-15 21:19:10
522,961,78,18,391,3,Service was fine. Professional but quality could be better.,2024-05-26 00:25:23,2024-05-26 00:25:23
523,242,40,18,393,4,Good job overall. Skilled and worth the price.,2025-07-21 19:22:31,2025-07-21 19:22:31
524,756,67,18,394,5,Outstanding work. Very punctual and quality is top-notch.,2024-10-15 21:07:50,2024-10-15 21:07:50
525,679,63,18,395,4,Happy with the service. Completed properly. Would recommend.,2024-10-30 06:35:31,2024-10-30 06:35:31
526,692,64,18,395,5,Highly professional! Exceeded expectations. Best service!,2025-10-11 11:18:09,2025-10-11 11:18:09
527,810,71,18,395,5,Highly professional! Exceeded expectations. Best service!,2024-09-23 02:21:29,2024-09-23 02:21:29
528,544,56,18,396,5,Amazing experience! Did a fantastic job. Very satisfied.,2025-08-09 14:37:34,2025-08-09 14:37:34
529,931,77,18,396,5,Highly professional! Exceeded expectations. Best service!,2024-07-31 00:43:17,2024-07-31 00:43:17
530,579,58,18,398,5,Highly professional! Exceeded expectations. Best service!,2024-08-19 00:48:30,2024-08-19 00:48:30
531,431,50,18,399,5,"Perfect service! Courteous, skilled, and finished on time.",2025-09-10 06:05:59,2025-09-10 06:05:59
532,155,36,18,401,4,Good job overall. Skilled and worth the price.,2024-10-17 14:13:07,2024-10-17 14:13:07
533,322,44,18,401,5,Amazing experience! Did a fantastic job. Very satisfied.,2025-04-09 20:09:35,2025-04-09 20:09:35
534,576,58,18,401,4,Very good experience. Professional and quality is good.,2024-02-29 11:52:35,2024-02-29 11:52:35
535,181,37,18,402,5,Outstanding work. Very punctual and quality is top-notch.,2024-01-10 19:29:22,2024-01-10 19:29:22
536,195,38,19,405,2,Below average work. Late and quality was not good.,2024-08-08 18:08:34,2024-08-08 18:08:34
537,210,39,19,405,5,Excellent service! Very professional and completed the work perfectly.,2024-09-11 05:35:29,2024-09-11 05:35:29
538,352,46,19,405,5,Highly professional! Exceeded expectations. Best service!,2024-02-19 22:08:53,2024-02-19 22:08:53
539,426,50,19,407,4,Good job overall. Skilled and worth the price.,2025-07-02 10:37:07,2025-07-02 10:37:07
540,688,63,19,407,4,"Good service. Work was done well, minor delay but satisfied.",2025-01-23 06:06:14,2025-01-23 06:06:14
541,772,68,19,407,4,Very good experience. Professional and quality is good.,2025-09-09 17:35:28,2025-09-09 17:35:28
542,100,33,19,408,2,Below average work. Late and quality was not good.,2025-11-01 07:44:20,2025-11-01 07:44:20
543,615,60,19,408,2,Not happy. Needs to improve punctuality and quality.,2024-05-27 19:00:47,2024-05-27 19:00:47
544,617,60,19,408,5,Excellent service! Very professional and completed the work perfectly.,2025-06-21 19:06:42,2025-06-21 19:06:42
545,3,2,19,409,5,Outstanding work. Very punctual and quality is top-notch.,2024-06-16 23:02:41,2024-06-16 23:02:41
546,510,54,19,409,4,Very good experience. Professional and quality is good.,2024-05-03 21:23:31,2024-05-03 21:23:31
547,323,44,19,410,5,Excellent service! Very professional and completed the work perfectly.,2025-01-02 18:13:09,2025-01-02 18:13:09
548,241,40,19,414,4,Nice work. Professional approach and good quality.,2025-05-20 01:15:30,2025-05-20 01:15:30
549,277,42,19,414,5,Amazing experience! Did a fantastic job. Very satisfied.,2025-05-14 12:42:08,2025-05-14 12:42:08
550,955,78,19,414,3,Average service. Did the work but could be more thorough.,2024-02-11 06:40:58,2024-02-11 06:40:58
551,359,46,19,415,4,Happy with the service. Completed properly. Would recommend.,2024-05-15 01:14:14,2024-05-15 01:14:14
552,904,76,19,416,4,Very good experience. Professional and quality is good.,2024-03-05 03:56:18,2024-03-05 03:56:18
553,63,31,19,417,5,Excellent service! Very professional and completed the work perfectly.,2024-07-01 20:38:15,2024-07-01 20:38:15
554,370,46,19,417,5,Highly professional! Exceeded expectations. Best service!,2024-11-13 08:46:18,2024-11-13 08:46:18
555,140,35,19,418,5,Amazing experience! Did a fantastic job. Very satisfied.,2024-02-06 11:34:32,2024-02-06 11:34:32
556,20,2,19,420,4,Very good experience. Professional and quality is good.,2025-04-02 11:31:12,2025-04-02 11:31:12
557,176,37,19,420,5,Amazing experience! Did a fantastic job. Very satisfied.,2024-08-31 12:52:06,2024-08-31 12:52:06
558,495,53,19,420,5,Amazing experience! Did a fantastic job. Very satisfied.,2024-12-10 17:21:29,2024-12-10 17:21:29
559,864,74,19,420,5,Excellent service! Very professional and completed the work perfectly.,2024-04-20 06:31:34,2024-04-20 06:31:34
560,478,52,19,422,5,"Perfect service! Courteous, skilled, and finished on time.",2025-11-13 16:00:16,2025-11-13 16:00:16
561,491,53,19,422,4,Happy with the service. Completed properly. Would recommend.,2024-05-09 01:14:16,2024-05-09 01:14:16
562,374,47,19,423,5,"Perfect service! Courteous, skilled, and finished on time.",2025-01-14 16:16:14,2025-01-14 16:16:14
563,807,71,19,423,5,Highly professional! Exceeded expectations. Best service!,2025-08-28 14:01:44,2025-08-28 14:01:44
564,965,78,19,423,5,"Perfect service! Courteous, skilled, and finished on time.",2024-04-12 14:02:28,2024-04-12 14:02:28
565,42,29,20,425,5,Highly professional! Exceeded expectations. Best service!,2025-10-10 06:31:58,2025-10-10 06:31:58
566,51,30,20,425,5,"Perfect service! Courteous, skilled, and finished on time.",2025-07-16 23:29:32,2025-07-16 23:29:32
567,873,74,20,425,5,Amazing experience! Did a fantastic job. Very satisfied.,2024-04-09 03:58:51,2024-04-09 03:58:51
568,126,34,20,426,4,"Good service. Work was done well, minor delay but satisfied.",2025-03-14 00:23:23,2025-03-14 00:23:23
569,611,60,20,428,5,"Perfect service! Courteous, skilled, and finished on time.",2024-09-27 18:34:06,2024-09-27 18:34:06
570,726,66,20,428,5,Excellent service! Very professional and completed the work perfectly.,2024-04-25 14:40:26,2024-04-25 14:40:26
571,945,77,20,428,2,Disappointed. Did not meet expectations. Not recommended.,2024-10-12 07:45:50,2024-10-12 07:45:50
572,331,45,20,430,5,"Perfect service! Courteous, skilled, and finished on time.",2024-10-18 19:36:54,2024-10-18 19:36:54
573,315,44,20,432,5,Highly professional! Exceeded expectations. Best service!,2025-02-02 21:04:28,2025-02-02 21:04:28
574,484,53,20,434,3,Service was fine. Professional but quality could be better.,2024-10-11 17:31:24,2024-10-11 17:31:24
575,265,41,20,435,5,"Perfect service! Courteous, skilled, and finished on time.",2024-12-03 09:24:31,2024-12-03 09:24:31
576,179,37,20,438,4,"Good service. Work was done well, minor delay but satisfied.",2025-07-23 03:55:13,2025-07-23 03:55:13
577,358,46,20,439,5,Amazing experience! Did a fantastic job. Very satisfied.,2024-10-29 20:40:59,2024-10-29 20:40:59
578,462,51,20,439,5,Outstanding work. Very punctual and quality is top-notch.,2024-07-10 23:48:10,2024-07-10 23:48:10
579,35,29,20,440,4,Very good experience. Professional and quality is good.,2024-03-23 12:46:50,2024-03-23 12:46:50
580,220,39,20,441,5,"Perfect service! Courteous, skilled, and finished on time.",2024-10-10 07:42:03,2024-10-10 07:42:03
581,526,55,20,441,5,Excellent service! Very professional and completed the work perfectly.,2025-09-22 08:47:45,2025-09-22 08:47:45
582,54,30,20,445,5,Outstanding work. Very punctual and quality is top-notch.,2024-04-03 00:28:44,2024-04-03 00:28:44
583,74,31,20,445,5,"Perfect service! Courteous, skilled, and finished on time.",2024-07-18 09:55:00,2024-07-18 09:55:00
584,449,51,20,446,4,Happy with the service. Completed properly. Would recommend.,2025-02-18 04:37:59,2025-02-18 04:37:59
585,758,67,21,447,5,Amazing experience! Did a fantastic job. Very satisfied.,2025-09-16 05:12:45,2025-09-16 05:12:45
586,347,45,21,448,4,Very good experience. Professional and quality is good.,2024-06-26 10:10:25,2024-06-26 10:10:25
587,451,51,21,448,4,Good job overall. Skilled and worth the price.,2025-07-31 04:24:28,2025-07-31 04:24:28
588,73,31,21,449,4,Nice work. Professional approach and good quality.,2025-02-15 03:10:55,2025-02-15 03:10:55
589,169,37,21,449,5,Excellent service! Very professional and completed the work perfectly.,2024-01-20 01:51:47,2024-01-20 01:51:47
590,649,61,21,449,5,Highly professional! Exceeded expectations. Best service!,2024-11-07 05:02:53,2024-11-07 05:02:53
591,113,34,21,452,4,"Good service. Work was done well, minor delay but satisfied.",2025-08-06 18:56:11,2025-08-06 18:56:11
592,582,58,21,452,5,Amazing experience! Did a fantastic job. Very satisfied.,2025-04-13 10:04:12,2025-04-13 10:04:12
593,960,78,21,452,5,Outstanding work. Very punctual and quality is top-notch.,2025-03-23 19:46:19,2025-03-23 19:46:19
594,290,42,21,453,5,Excellent service! Very professional and completed the work perfectly.,2024-10-01 14:23:15,2024-10-01 14:23:15
595,470,52,21,453,5,Excellent service! Very professional and completed the work perfectly.,2024-11-10 17:43:08,2024-11-10 17:43:08
596,80,32,21,455,5,"Perfect service! Courteous, skilled, and finished on time.",2024-10-04 10:49:16,2024-10-04 10:49:16
597,81,32,21,455,5,Amazing experience! Did a fantastic job. Very satisfied.,2025-07-27 05:30:57,2025-07-27 05:30:57
598,506,54,21,455,5,Amazing experience! Did a fantastic job. Very satisfied.,2024-11-26 12:36:45,2024-11-26 12:36:45
599,65,31,21,458,5,Outstanding work. Very punctual and quality is top-notch.,2025-05-08 09:00:34,2025-05-08 09:00:34
600,394,48,21,458,2,Disappointed. Did not meet expectations. Not recommended.,2024-05-30 18:01:16,2024-05-30 18:01:16
601,283,42,21,459,5,Amazing experience! Did a fantastic job. Very satisfied.,2024-09-20 15:33:29,2024-09-20 15:33:29
602,728,66,21,459,5,Excellent service! Very professional and completed the work perfectly.,2025-01-31 16:14:36,2025-01-31 16:14:36
603,203,39,21,461,5,Outstanding work. Very punctual and quality is top-notch.,2024-11-26 16:53:39,2024-11-26 16:53:39
604,550,56,21,462,5,Excellent service! Very professional and completed the work perfectly.,2025-02-24 08:06:49,2025-02-24 08:06:49
605,676,63,21,462,3,Satisfactory. Needs to improve attention to detail.,2025-03-09 00:52:35,2025-03-09 00:52:35
606,473,52,21,464,5,Excellent service! Very professional and completed the work perfectly.,2025-05-05 08:22:24,2025-05-05 08:22:24
607,645,61,21,464,5,"Perfect service! Courteous, skilled, and finished on time.",2024-04-01 20:53:23,2024-04-01 20:53:23
608,749,67,21,464,5,"Perfect service! Courteous, skilled, and finished on time.",2025-10-21 00:52:45,2025-10-21 00:52:45
609,19,2,21,465,5,Highly professional! Exceeded expectations. Best service!,2024-11-06 02:53:56,2024-11-06 02:53:56
610,287,42,21,465,5,Highly professional! Exceeded expectations. Best service!,2024-10-11 13:22:23,2024-10-11 13:22:23
611,486,53,21,465,5,Excellent service! Very professional and completed the work perfectly.,2025-04-29 18:11:13,2025-04-29 18:11:13
612,401,48,21,466,5,"Perfect service! Courteous, skilled, and finished on time.",2025-06-24 22:15:01,2025-06-24 22:15:01
613,888,75,21,466,4,Very good experience. Professional and quality is good.,2025-11-13 19:15:51,2025-11-13 19:15:51
614,910,76,21,466,1,Extremely disappointed. Caused more problems.,2024-08-31 07:46:03,2024-08-31 07:46:03
615,587,58,21,467,5,Excellent service! Very professional and completed the work perfectly.,2025-01-22 21:26:56,2025-01-22 21:26:56
616,233,40,21,468,4,Nice work. Professional approach and good quality.,2025-06-22 16:17:46,2025-06-22 16:17:46
617,488,53,21,468,5,Highly professional! Exceeded expectations. Best service!,2024-03-22 19:12:26,2024-03-22 19:12:26
618,868,74,21,468,5,Outstanding work. Very punctual and quality is top-notch.,2024-08-01 03:48:42,2024-08-01 03:48:42
619,967,78,22,469,5,Amazing experience! Did a fantastic job. Very satisfied.,2024-07-27 02:15:15,2024-07-27 02:15:15
620,843,72,22,471,5,"Perfect service! Courteous, skilled, and finished on time.",2024-12-07 17:53:29,2024-12-07 17:53:29
621,839,72,22,472,4,Happy with the service. Completed properly. Would recommend.,2024-04-24 18:32:23,2024-04-24 18:32:23
622,794,70,22,473,5,Highly professional! Exceeded expectations. Best service!,2024-07-07 04:49:35,2024-07-07 04:49:35
623,882,74,22,473,5,Highly professional! Exceeded expectations. Best service!,2024-11-05 21:03:28,2024-11-05 21:03:28
624,83,32,22,474,5,Highly professional! Exceeded expectations. Best service!,2025-08-29 23:50:06,2025-08-29 23:50:06
625,820,71,22,474,5,"Perfect service! Courteous, skilled, and finished on time.",2025-02-23 11:21:05,2025-02-23 11:21:05
626,966,78,22,474,5,Outstanding work. Very punctual and quality is top-notch.,2025-10-06 21:22:35,2025-10-06 21:22:35
627,266,41,22,475,5,Outstanding work. Very punctual and quality is top-notch.,2025-05-29 13:25:56,2025-05-29 13:25:56
628,641,61,22,475,4,"Good service. Work was done well, minor delay but satisfied.",2024-07-20 20:07:25,2024-07-20 20:07:25
629,876,74,22,475,5,Outstanding work. Very punctual and quality is top-notch.,2024-06-13 16:41:26,2024-06-13 16:41:26
630,187,38,22,479,5,"Perfect service! Courteous, skilled, and finished on time.",2024-04-29 18:31:26,2024-04-29 18:31:26
631,786,69,22,479,5,"Perfect service! Courteous, skilled, and finished on time.",2025-07-18 14:42:48,2025-07-18 14:42:48
632,8,2,22,480,5,Excellent service! Very professional and completed the work perfectly.,2024-03-04 03:31:42,2024-03-04 03:31:42
633,115,34,22,481,1,Extremely disappointed. Caused more problems.,2024-06-02 21:18:14,2024-06-02 21:18:14
634,601,59,22,481,4,Good job overall. Skilled and worth the price.,2024-09-27 16:30:19,2024-09-27 16:30:19
635,72,31,22,482,5,Amazing experience! Did a fantastic job. Very satisfied.,2024-06-05 22:14:10,2024-06-05 22:14:10
636,320,44,22,482,5,Outstanding work. Very punctual and quality is top-notch.,2025-01-19 15:04:10,2025-01-19 15:04:10
637,564,57,22,482,4,Nice work. Professional approach and good quality.,2024-04-09 21:24:19,2024-04-09 21:24:19
638,666,62,22,482,4,Nice work. Professional approach and good quality.,2024-05-12 18:30:59,2024-05-12 18:30:59
639,112,34,22,484,4,Very good experience. Professional and quality is good.,2025-08-24 12:18:44,2025-08-24 12:18:44
640,248,40,22,484,3,Okay experience. Completed the job but improvements needed.,2025-02-23 09:38:02,2025-02-23 09:38:02
641,253,41,22,487,5,Outstanding work. Very punctual and quality is top-notch.,2024-11-14 16:24:30,2024-11-14 16:24:30
642,893,75,22,487,4,Very good experience. Professional and quality is good.,2024-07-25 11:45:31,2024-07-25 11:45:31
643,405,48,22,488,5,Outstanding work. Very punctual and quality is top-notch.,2025-01-22 05:34:51,2025-01-22 05:34:51
644,913,76,22,488,3,Average service. Did the work but could be more thorough.,2024-04-01 08:53:10,2024-04-01 08:53:10
645,388,48,22,489,4,Very good experience. Professional and quality is good.,2025-08-04 05:12:28,2025-08-04 05:12:28
646,744,67,22,490,4,Good job overall. Skilled and worth the price.,2025-08-09 09:17:07,2025-08-09 09:17:07
647,870,74,22,490,5,Outstanding work. Very punctual and quality is top-notch.,2024-10-27 10:05:38,2024-10-27 10:05:38
648,230,40,22,491,5,"Perfect service! Courteous, skilled, and finished on time.",2025-05-28 10:23:52,2025-05-28 10:23:52
649,104,33,22,492,1,Extremely disappointed. Caused more problems.,2025-10-06 21:58:30,2025-10-06 21:58:30
650,134,35,23,493,5,"Perfect service! Courteous, skilled, and finished on time.",2025-03-23 07:29:41,2025-03-23 07:29:41
651,170,37,23,494,3,Satisfactory. Needs to improve attention to detail.,2025-02-22 18:31:57,2025-02-22 18:31:57
652,600,59,23,494,5,Excellent service! Very professional and completed the work perfectly.,2025-08-22 09:00:58,2025-08-22 09:00:58
653,696,64,23,494,5,Amazing experience! Did a fantastic job. Very satisfied.,2025-05-02 19:34:58,2025-05-02 19:34:58
654,761,68,23,494,5,"Perfect service! Courteous, skilled, and finished on time.",2025-03-04 09:05:03,2025-03-04 09:05:03
655,410,49,23,495,5,Amazing experience! Did a fantastic job. Very satisfied.,2025-11-06 11:28:13,2025-11-06 11:28:13
656,325,44,23,496,3,Satisfactory. Needs to improve attention to detail.,2024-10-12 07:26:51,2024-10-12 07:26:51
657,574,57,23,499,5,"Perfect service! Courteous, skilled, and finished on time.",2025-01-30 11:18:39,2025-01-30 11:18:39
658,596,59,23,499,5,Highly professional! Exceeded expectations. Best service!,2024-02-05 18:35:14,2024-02-05 18:35:14
659,703,64,23,499,5,Amazing experience! Did a fantastic job. Very satisfied.,2025-07-26 23:07:22,2025-07-26 23:07:22
660,832,72,23,500,5,Excellent service! Very professional and completed the work perfectly.,2024-04-21 14:58:16,2024-04-21 14:58:16
661,467,52,23,501,5,Excellent service! Very professional and completed the work perfectly.,2024-06-30 22:09:26,2024-06-30 22:09:26
662,552,56,23,502,4,Good job overall. Skilled and worth the price.,2025-09-15 15:52:29,2025-09-15 15:52:29
663,973,78,23,503,4,Good job overall. Skilled and worth the price.,2025-04-14 11:13:36,2025-04-14 11:13:36
664,799,70,23,505,4,Nice work. Professional approach and good quality.,2025-07-12 04:19:37,2025-07-12 04:19:37
665,719,65,23,506,3,Decent work. Nothing exceptional but job was done.,2025-11-09 04:33:03,2025-11-09 04:33:03
666,773,68,23,507,5,Amazing experience! Did a fantastic job. Very satisfied.,2025-03-29 17:31:52,2025-03-29 17:31:52
667,27,29,23,508,3,Okay experience. Completed the job but improvements needed.,2024-07-29 17:57:49,2024-07-29 17:57:49
668,438,50,23,508,3,Decent work. Nothing exceptional but job was done.,2025-03-11 01:19:57,2025-03-11 01:19:57
669,854,73,23,508,4,"Good service. Work was done well, minor delay but satisfied.",2025-07-04 14:20:22,2025-07-04 14:20:22
670,926,76,23,510,5,Excellent service! Very professional and completed the work perfectly.,2024-08-12 23:16:24,2024-08-12 23:16:24
671,50,30,23,511,4,Happy with the service. Completed properly. Would recommend.,2025-02-13 04:51:09,2025-02-13 04:51:09
672,693,64,23,511,4,Good job overall. Skilled and worth the price.,2024-10-12 15:12:16,2024-10-12 15:12:16
673,378,47,23,512,3,Service was fine. Professional but quality could be better.,2024-06-14 12:00:04,2024-06-14 12:00:04
674,446,51,23,512,5,"Perfect service! Courteous, skilled, and finished on time.",2024-04-08 16:43:12,2024-04-08 16:43:12
675,521,55,23,512,5,Excellent service! Very professional and completed the work perfectly.,2024-10-23 13:54:12,2024-10-23 13:54:12
676,595,59,23,512,2,Poor experience. Unprofessional and work needed rework.,2025-06-04 22:34:52,2025-06-04 22:34:52
677,935,77,23,512,4,Nice work. Professional approach and good quality.,2025-04-18 05:19:29,2025-04-18 05:19:29
678,262,41,24,515,5,Outstanding work. Very punctual and quality is top-notch.,2025-03-08 12:21:06,2025-03-08 12:21:06
679,425,49,24,516,5,Excellent service! Very professional and completed the work perfectly.,2024-08-27 13:06:26,2024-08-27 13:06:26
680,689,63,24,516,4,"Good service. Work was done well, minor delay but satisfied.",2024-01-29 20:05:08,2024-01-29 20:05:08
681,503,54,24,517,3,Decent work. Nothing exceptional but job was done.,2025-07-16 19:52:17,2025-07-16 19:52:17
682,385,47,24,521,5,Amazing experience! Did a fantastic job. Very satisfied.,2025-11-13 21:47:07,2025-11-13 21:47:07
683,11,2,24,522,5,Highly professional! Exceeded expectations. Best service!,2025-10-14 16:42:34,2025-10-14 16:42:34
684,447,51,24,523,5,Excellent service! Very professional and completed the work perfectly.,2024-05-29 11:24:46,2024-05-29 11:24:46
685,530,55,24,523,5,Outstanding work. Very punctual and quality is top-notch.,2024-02-09 22:10:51,2024-02-09 22:10:51
686,760,68,24,523,5,Excellent service! Very professional and completed the work perfectly.,2025-08-12 04:15:01,2025-08-12 04:15:01
687,536,56,24,524,5,Excellent service! Very professional and completed the work perfectly.,2025-11-02 12:18:06,2025-11-02 12:18:06
688,725,65,24,524,5,"Perfect service! Courteous, skilled, and finished on time.",2024-10-03 08:18:24,2024-10-03 08:18:24
689,650,61,24,525,5,"Perfect service! Courteous, skilled, and finished on time.",2025-03-17 22:13:08,2025-03-17 22:13:08
690,729,66,24,526,5,"Perfect service! Courteous, skilled, and finished on time.",2025-06-22 00:38:31,2025-06-22 00:38:31
691,610,59,24,527,4,Nice work. Professional approach and good quality.,2025-02-17 22:21:13,2025-02-17 22:21:13
692,956,78,24,527,3,Okay experience. Completed the job but improvements needed.,2024-07-14 06:47:20,2024-07-14 06:47:20
693,270,41,24,528,3,Satisfactory. Needs to improve attention to detail.,2024-09-11 07:22:52,2024-09-11 07:22:52
694,291,42,24,528,5,Highly professional! Exceeded expectations. Best service!,2024-10-02 09:23:26,2024-10-02 09:23:26
695,437,50,24,528,5,"Perfect service! Courteous, skilled, and finished on time.",2025-01-14 21:35:53,2025-01-14 21:35:53
696,463,51,24,528,3,Service was fine. Professional but quality could be better.,2024-05-23 21:21:14,2024-05-23 21:21:14
697,490,53,24,528,5,Highly professional! Exceeded expectations. Best service!,2024-05-15 08:25:50,2024-05-15 08:25:50
698,559,57,24,528,4,Happy with the service. Completed properly. Would recommend.,2025-07-08 11:15:55,2025-07-08 11:15:55
699,71,31,24,530,4,"Good service. Work was done well, minor delay but satisfied.",2024-10-17 23:31:35,2024-10-17 23:31:35
700,217,39,24,530,5,Excellent service! Very professional and completed the work perfectly.,2024-10-08 21:05:24,2024-10-08 21:05:24
701,865,74,24,530,5,"Perfect service! Courteous, skilled, and finished on time.",2024-12-03 23:18:21,2024-12-03 23:18:21
702,43,30,24,531,5,Highly professional! Exceeded expectations. Best service!,2024-11-04 09:36:35,2024-11-04 09:36:35
703,61,31,24,532,4,Nice work. Professional approach and good quality.,2025-01-29 04:35:31,2025-01-29 04:35:31
704,105,33,24,532,5,Amazing experience! Did a fantastic job. Very satisfied.,2025-11-06 07:26:16,2025-11-06 07:26:16
705,456,51,24,533,4,Very good experience. Professional and quality is good.,2024-12-27 05:39:45,2024-12-27 05:39:45
706,316,44,24,534,5,"Perfect service! Courteous, skilled, and finished on time.",2024-01-04 06:47:23,2024-01-04 06:47:23
707,412,49,25,536,5,Highly professional! Exceeded expectations. Best service!,2024-07-21 11:10:16,2024-07-21 11:10:16
708,907,76,25,536,3,Okay experience. Completed the job but improvements needed.,2025-10-10 07:30:46,2025-10-10 07:30:46
709,121,34,25,541,5,Outstanding work. Very punctual and quality is top-notch.,2024-05-06 01:46:22,2024-05-06 01:46:22
710,563,57,25,541,2,Below average work. Late and quality was not good.,2025-02-01 01:28:58,2025-02-01 01:28:58
711,26,29,25,543,4,Happy with the service. Completed properly. Would recommend.,2024-09-27 15:58:35,2024-09-27 15:58:35
712,682,63,25,543,4,Happy with the service. Completed properly. Would recommend.,2025-08-21 20:07:01,2025-08-21 20:07:01
713,944,77,25,543,4,Good job overall. Skilled and worth the price.,2025-06-28 22:38:29,2025-06-28 22:38:29
714,97,33,25,544,5,Highly professional! Exceeded expectations. Best service!,2025-02-15 21:56:12,2025-02-15 21:56:12
715,102,33,25,544,5,Highly professional! Exceeded expectations. Best service!,2024-08-04 07:02:52,2024-08-04 07:02:52
716,877,74,25,545,5,Amazing experience! Did a fantastic job. Very satisfied.,2024-05-25 07:53:38,2024-05-25 07:53:38
717,391,48,25,546,4,Nice work. Professional approach and good quality.,2025-04-12 03:56:07,2025-04-12 03:56:07
718,524,55,25,546,3,Decent work. Nothing exceptional but job was done.,2025-08-07 12:56:38,2025-08-07 12:56:38
719,942,77,25,546,4,Happy with the service. Completed properly. Would recommend.,2025-03-24 01:45:49,2025-03-24 01:45:49
720,132,34,25,547,5,"Perfect service! Courteous, skilled, and finished on time.",2024-12-16 21:59:38,2024-12-16 21:59:38
721,889,75,25,547,5,Highly professional! Exceeded expectations. Best service!,2024-06-20 20:35:02,2024-06-20 20:35:02
722,788,69,25,549,5,Highly professional! Exceeded expectations. Best service!,2024-05-03 19:29:15,2024-05-03 19:29:15
723,48,30,25,551,4,Happy with the service. Completed properly. Would recommend.,2025-01-21 12:17:36,2025-01-21 12:17:36
724,250,41,25,553,4,Nice work. Professional approach and good quality.,2025-08-03 01:31:44,2025-08-03 01:31:44
725,878,74,25,553,3,Service was fine. Professional but quality could be better.,2024-11-04 08:37:40,2024-11-04 08:37:40
726,335,45,25,554,5,Amazing experience! Did a fantastic job. Very satisfied.,2024-08-01 15:02:53,2024-08-01 15:02:53
727,366,46,25,555,4,Nice work. Professional approach and good quality.,2025-01-15 03:27:34,2025-01-15 03:27:34
728,787,69,25,555,5,Highly professional! Exceeded expectations. Best service!,2024-12-14 18:35:50,2024-12-14 18:35:50
729,355,46,26,557,5,Outstanding work. Very punctual and quality is top-notch.,2025-02-28 01:23:32,2025-02-28 01:23:32
730,752,67,26,557,4,"Good service. Work was done well, minor delay but satisfied.",2024-06-16 01:59:55,2024-06-16 01:59:55
731,914,76,26,557,4,Very good experience. Professional and quality is good.,2025-03-28 13:39:24,2025-03-28 13:39:24
732,271,42,26,558,4,Very good experience. Professional and quality is good.,2025-07-24 01:03:40,2025-07-24 01:03:40
733,237,40,26,559,5,"Perfect service! Courteous, skilled, and finished on time.",2024-01-09 07:55:48,2024-01-09 07:55:48
734,569,57,26,559,5,Outstanding work. Very punctual and quality is top-notch.,2024-06-19 15:56:44,2024-06-19 15:56:44
735,824,71,26,560,4,Nice work. Professional approach and good quality.,2024-01-05 06:28:54,2024-01-05 06:28:54
736,592,58,26,564,1,Horrible service. Rude and incompetent. Never again!,2024-04-21 18:15:27,2024-04-21 18:15:27
737,633,60,26,565,5,Outstanding work. Very punctual and quality is top-notch.,2024-04-06 17:06:44,2024-04-06 17:06:44
738,698,64,26,565,2,Not happy. Needs to improve punctuality and quality.,2025-11-02 00:27:04,2025-11-02 00:27:04
739,643,61,26,566,5,Outstanding work. Very punctual and quality is top-notch.,2025-03-22 22:37:38,2025-03-22 22:37:38
740,608,59,26,567,5,Amazing experience! Did a fantastic job. Very satisfied.,2024-09-29 23:20:38,2024-09-29 23:20:38
741,655,62,26,567,5,Excellent service! Very professional and completed the work perfectly.,2025-05-07 11:56:28,2025-05-07 11:56:28
742,240,40,26,568,4,"Good service. Work was done well, minor delay but satisfied.",2025-07-12 19:32:32,2025-07-12 19:32:32
743,477,52,26,568,3,Decent work. Nothing exceptional but job was done.,2024-01-15 17:49:29,2024-01-15 17:49:29
744,823,71,26,568,3,Decent work. Nothing exceptional but job was done.,2024-10-03 15:51:39,2024-10-03 15:51:39
745,827,71,26,568,4,Happy with the service. Completed properly. Would recommend.,2025-04-29 14:03:53,2025-04-29 14:03:53
746,912,76,26,568,3,Satisfactory. Needs to improve attention to detail.,2024-04-24 15:15:29,2024-04-24 15:15:29
747,228,40,26,569,3,Service was fine. Professional but quality could be better.,2024-01-18 02:54:02,2024-01-18 02:54:02
748,598,59,26,570,3,Decent work. Nothing exceptional but job was done.,2024-01-13 11:46:09,2024-01-13 11:46:09
749,445,51,26,571,4,Very good experience. Professional and quality is good.,2025-11-14 16:56:52,2025-11-14 16:56:52
750,597,59,26,571,4,Nice work. Professional approach and good quality.,2025-10-19 12:12:02,2025-10-19 12:12:02
751,12,2,26,573,5,Excellent service! Very professional and completed the work perfectly.,2025-06-22 00:47:46,2025-06-22 00:47:46
752,103,33,26,573,3,Decent work. Nothing exceptional but job was done.,2024-10-13 18:39:28,2024-10-13 18:39:28
753,826,71,26,573,4,Nice work. Professional approach and good quality.,2025-04-30 04:25:03,2025-04-30 04:25:03
754,110,33,26,574,4,Very good experience. Professional and quality is good.,2024-09-04 15:44:33,2024-09-04 15:44:33
755,332,45,26,575,5,Outstanding work. Very punctual and quality is top-notch.,2024-12-04 22:21:01,2024-12-04 22:21:01
756,344,45,26,575,5,Outstanding work. Very punctual and quality is top-notch.,2024-11-29 17:09:30,2024-11-29 17:09:30
757,648,61,26,575,2,Not happy. Needs to improve punctuality and quality.,2024-02-21 14:28:17,2024-02-21 14:28:17
758,278,42,26,577,4,"Good service. Work was done well, minor delay but satisfied.",2024-05-10 14:16:00,2024-05-10 14:16:00
759,874,74,26,577,5,Highly professional! Exceeded expectations. Best service!,2025-10-20 03:47:05,2025-10-20 03:47:05
760,557,57,26,579,5,Amazing experience! Did a fantastic job. Very satisfied.,2024-07-03 16:03:09,2024-07-03 16:03:09
761,546,56,26,580,5,Outstanding work. Very punctual and quality is top-notch.,2024-12-25 08:58:10,2024-12-25 08:58:10
762,795,70,26,580,5,Highly professional! Exceeded expectations. Best service!,2024-09-14 06:15:06,2024-09-14 06:15:06
